--
-- PostgreSQL database dump
--

-- Dumped from database version 16.2 (Ubuntu 16.2-1.pgdg22.04+1)
-- Dumped by pg_dump version 16.2 (Ubuntu 16.2-1.pgdg22.04+1)

SET statement_timeout = 0;
SET lock_timeout = 0;
SET idle_in_transaction_session_timeout = 0;
SET client_encoding = 'UTF8';
SET standard_conforming_strings = on;
SELECT pg_catalog.set_config('search_path', '', false);
SET check_function_bodies = false;
SET xmloption = content;
SET client_min_messages = warning;
SET row_security = off;

SET default_tablespace = '';

SET default_table_access_method = heap;

--
-- Name: auth_group; Type: TABLE; Schema: public; Owner: postgres
--

CREATE TABLE public.auth_group (
    id integer NOT NULL,
    name character varying(150) NOT NULL
);


ALTER TABLE public.auth_group OWNER TO postgres;

--
-- Name: auth_group_id_seq; Type: SEQUENCE; Schema: public; Owner: postgres
--

ALTER TABLE public.auth_group ALTER COLUMN id ADD GENERATED BY DEFAULT AS IDENTITY (
    SEQUENCE NAME public.auth_group_id_seq
    START WITH 1
    INCREMENT BY 1
    NO MINVALUE
    NO MAXVALUE
    CACHE 1
);


--
-- Name: auth_group_permissions; Type: TABLE; Schema: public; Owner: postgres
--

CREATE TABLE public.auth_group_permissions (
    id bigint NOT NULL,
    group_id integer NOT NULL,
    permission_id integer NOT NULL
);


ALTER TABLE public.auth_group_permissions OWNER TO postgres;

--
-- Name: auth_group_permissions_id_seq; Type: SEQUENCE; Schema: public; Owner: postgres
--

ALTER TABLE public.auth_group_permissions ALTER COLUMN id ADD GENERATED BY DEFAULT AS IDENTITY (
    SEQUENCE NAME public.auth_group_permissions_id_seq
    START WITH 1
    INCREMENT BY 1
    NO MINVALUE
    NO MAXVALUE
    CACHE 1
);


--
-- Name: auth_permission; Type: TABLE; Schema: public; Owner: postgres
--

CREATE TABLE public.auth_permission (
    id integer NOT NULL,
    name character varying(255) NOT NULL,
    content_type_id integer NOT NULL,
    codename character varying(100) NOT NULL
);


ALTER TABLE public.auth_permission OWNER TO postgres;

--
-- Name: auth_permission_id_seq; Type: SEQUENCE; Schema: public; Owner: postgres
--

ALTER TABLE public.auth_permission ALTER COLUMN id ADD GENERATED BY DEFAULT AS IDENTITY (
    SEQUENCE NAME public.auth_permission_id_seq
    START WITH 1
    INCREMENT BY 1
    NO MINVALUE
    NO MAXVALUE
    CACHE 1
);


--
-- Name: auth_user; Type: TABLE; Schema: public; Owner: postgres
--

CREATE TABLE public.auth_user (
    id integer NOT NULL,
    password character varying(128) NOT NULL,
    last_login timestamp with time zone,
    is_superuser boolean NOT NULL,
    username character varying(150) NOT NULL,
    first_name character varying(150) NOT NULL,
    last_name character varying(150) NOT NULL,
    email character varying(254) NOT NULL,
    is_staff boolean NOT NULL,
    is_active boolean NOT NULL,
    date_joined timestamp with time zone NOT NULL
);


ALTER TABLE public.auth_user OWNER TO postgres;

--
-- Name: auth_user_groups; Type: TABLE; Schema: public; Owner: postgres
--

CREATE TABLE public.auth_user_groups (
    id bigint NOT NULL,
    user_id integer NOT NULL,
    group_id integer NOT NULL
);


ALTER TABLE public.auth_user_groups OWNER TO postgres;

--
-- Name: auth_user_groups_id_seq; Type: SEQUENCE; Schema: public; Owner: postgres
--

ALTER TABLE public.auth_user_groups ALTER COLUMN id ADD GENERATED BY DEFAULT AS IDENTITY (
    SEQUENCE NAME public.auth_user_groups_id_seq
    START WITH 1
    INCREMENT BY 1
    NO MINVALUE
    NO MAXVALUE
    CACHE 1
);


--
-- Name: auth_user_id_seq; Type: SEQUENCE; Schema: public; Owner: postgres
--

ALTER TABLE public.auth_user ALTER COLUMN id ADD GENERATED BY DEFAULT AS IDENTITY (
    SEQUENCE NAME public.auth_user_id_seq
    START WITH 1
    INCREMENT BY 1
    NO MINVALUE
    NO MAXVALUE
    CACHE 1
);


--
-- Name: auth_user_user_permissions; Type: TABLE; Schema: public; Owner: postgres
--

CREATE TABLE public.auth_user_user_permissions (
    id bigint NOT NULL,
    user_id integer NOT NULL,
    permission_id integer NOT NULL
);


ALTER TABLE public.auth_user_user_permissions OWNER TO postgres;

--
-- Name: auth_user_user_permissions_id_seq; Type: SEQUENCE; Schema: public; Owner: postgres
--

ALTER TABLE public.auth_user_user_permissions ALTER COLUMN id ADD GENERATED BY DEFAULT AS IDENTITY (
    SEQUENCE NAME public.auth_user_user_permissions_id_seq
    START WITH 1
    INCREMENT BY 1
    NO MINVALUE
    NO MAXVALUE
    CACHE 1
);


--
-- Name: authy_profile; Type: TABLE; Schema: public; Owner: postgres
--

CREATE TABLE public.authy_profile (
    id bigint NOT NULL,
    user_id integer NOT NULL,
    bio character varying(200),
    first_name character varying(200),
    last_name character varying(200),
    location character varying(200),
    url character varying(200),
    image character varying(100)
);


ALTER TABLE public.authy_profile OWNER TO postgres;

--
-- Name: authy_profile_favourite; Type: TABLE; Schema: public; Owner: postgres
--

CREATE TABLE public.authy_profile_favourite (
    id bigint NOT NULL,
    profile_id bigint NOT NULL,
    post_id uuid NOT NULL
);


ALTER TABLE public.authy_profile_favourite OWNER TO postgres;

--
-- Name: authy_profile_favourite_id_seq; Type: SEQUENCE; Schema: public; Owner: postgres
--

ALTER TABLE public.authy_profile_favourite ALTER COLUMN id ADD GENERATED BY DEFAULT AS IDENTITY (
    SEQUENCE NAME public.authy_profile_favourite_id_seq
    START WITH 1
    INCREMENT BY 1
    NO MINVALUE
    NO MAXVALUE
    CACHE 1
);


--
-- Name: authy_profile_id_seq; Type: SEQUENCE; Schema: public; Owner: postgres
--

ALTER TABLE public.authy_profile ALTER COLUMN id ADD GENERATED BY DEFAULT AS IDENTITY (
    SEQUENCE NAME public.authy_profile_id_seq
    START WITH 1
    INCREMENT BY 1
    NO MINVALUE
    NO MAXVALUE
    CACHE 1
);


--
-- Name: comment_comment; Type: TABLE; Schema: public; Owner: postgres
--

CREATE TABLE public.comment_comment (
    id bigint NOT NULL,
    body text NOT NULL,
    date timestamp with time zone,
    post_id uuid NOT NULL,
    user_id integer NOT NULL
);


ALTER TABLE public.comment_comment OWNER TO postgres;

--
-- Name: comment_comment_id_seq; Type: SEQUENCE; Schema: public; Owner: postgres
--

ALTER TABLE public.comment_comment ALTER COLUMN id ADD GENERATED BY DEFAULT AS IDENTITY (
    SEQUENCE NAME public.comment_comment_id_seq
    START WITH 1
    INCREMENT BY 1
    NO MINVALUE
    NO MAXVALUE
    CACHE 1
);


--
-- Name: directs_message; Type: TABLE; Schema: public; Owner: postgres
--

CREATE TABLE public.directs_message (
    id bigint NOT NULL,
    body text,
    date timestamp with time zone NOT NULL,
    is_read boolean NOT NULL,
    reciepient_id integer NOT NULL,
    sender_id integer NOT NULL,
    user_id integer NOT NULL
);


ALTER TABLE public.directs_message OWNER TO postgres;

--
-- Name: directs_message_id_seq; Type: SEQUENCE; Schema: public; Owner: postgres
--

ALTER TABLE public.directs_message ALTER COLUMN id ADD GENERATED BY DEFAULT AS IDENTITY (
    SEQUENCE NAME public.directs_message_id_seq
    START WITH 1
    INCREMENT BY 1
    NO MINVALUE
    NO MAXVALUE
    CACHE 1
);


--
-- Name: django_admin_log; Type: TABLE; Schema: public; Owner: postgres
--

CREATE TABLE public.django_admin_log (
    id integer NOT NULL,
    action_time timestamp with time zone NOT NULL,
    object_id text,
    object_repr character varying(200) NOT NULL,
    action_flag smallint NOT NULL,
    change_message text NOT NULL,
    content_type_id integer,
    user_id integer NOT NULL,
    CONSTRAINT django_admin_log_action_flag_check CHECK ((action_flag >= 0))
);


ALTER TABLE public.django_admin_log OWNER TO postgres;

--
-- Name: django_admin_log_id_seq; Type: SEQUENCE; Schema: public; Owner: postgres
--

ALTER TABLE public.django_admin_log ALTER COLUMN id ADD GENERATED BY DEFAULT AS IDENTITY (
    SEQUENCE NAME public.django_admin_log_id_seq
    START WITH 1
    INCREMENT BY 1
    NO MINVALUE
    NO MAXVALUE
    CACHE 1
);


--
-- Name: django_content_type; Type: TABLE; Schema: public; Owner: postgres
--

CREATE TABLE public.django_content_type (
    id integer NOT NULL,
    app_label character varying(100) NOT NULL,
    model character varying(100) NOT NULL
);


ALTER TABLE public.django_content_type OWNER TO postgres;

--
-- Name: django_content_type_id_seq; Type: SEQUENCE; Schema: public; Owner: postgres
--

ALTER TABLE public.django_content_type ALTER COLUMN id ADD GENERATED BY DEFAULT AS IDENTITY (
    SEQUENCE NAME public.django_content_type_id_seq
    START WITH 1
    INCREMENT BY 1
    NO MINVALUE
    NO MAXVALUE
    CACHE 1
);


--
-- Name: django_migrations; Type: TABLE; Schema: public; Owner: postgres
--

CREATE TABLE public.django_migrations (
    id bigint NOT NULL,
    app character varying(255) NOT NULL,
    name character varying(255) NOT NULL,
    applied timestamp with time zone NOT NULL
);


ALTER TABLE public.django_migrations OWNER TO postgres;

--
-- Name: django_migrations_id_seq; Type: SEQUENCE; Schema: public; Owner: postgres
--

ALTER TABLE public.django_migrations ALTER COLUMN id ADD GENERATED BY DEFAULT AS IDENTITY (
    SEQUENCE NAME public.django_migrations_id_seq
    START WITH 1
    INCREMENT BY 1
    NO MINVALUE
    NO MAXVALUE
    CACHE 1
);


--
-- Name: django_session; Type: TABLE; Schema: public; Owner: postgres
--

CREATE TABLE public.django_session (
    session_key character varying(40) NOT NULL,
    session_data text NOT NULL,
    expire_date timestamp with time zone NOT NULL
);


ALTER TABLE public.django_session OWNER TO postgres;

--
-- Name: notification_notification; Type: TABLE; Schema: public; Owner: postgres
--

CREATE TABLE public.notification_notification (
    id bigint NOT NULL,
    notification_types integer,
    text_preview character varying(100) NOT NULL,
    date timestamp with time zone NOT NULL,
    is_seen boolean NOT NULL,
    post_id uuid,
    sender_id integer NOT NULL,
    user_id integer NOT NULL
);


ALTER TABLE public.notification_notification OWNER TO postgres;

--
-- Name: notification_notification_id_seq; Type: SEQUENCE; Schema: public; Owner: postgres
--

ALTER TABLE public.notification_notification ALTER COLUMN id ADD GENERATED BY DEFAULT AS IDENTITY (
    SEQUENCE NAME public.notification_notification_id_seq
    START WITH 1
    INCREMENT BY 1
    NO MINVALUE
    NO MAXVALUE
    CACHE 1
);


--
-- Name: post_follow; Type: TABLE; Schema: public; Owner: postgres
--

CREATE TABLE public.post_follow (
    id bigint NOT NULL,
    follower_id integer NOT NULL,
    following_id integer NOT NULL
);


ALTER TABLE public.post_follow OWNER TO postgres;

--
-- Name: post_follow_id_seq; Type: SEQUENCE; Schema: public; Owner: postgres
--

ALTER TABLE public.post_follow ALTER COLUMN id ADD GENERATED BY DEFAULT AS IDENTITY (
    SEQUENCE NAME public.post_follow_id_seq
    START WITH 1
    INCREMENT BY 1
    NO MINVALUE
    NO MAXVALUE
    CACHE 1
);


--
-- Name: post_likes; Type: TABLE; Schema: public; Owner: postgres
--

CREATE TABLE public.post_likes (
    id bigint NOT NULL,
    post_id uuid NOT NULL,
    user_id integer NOT NULL
);


ALTER TABLE public.post_likes OWNER TO postgres;

--
-- Name: post_likes_id_seq; Type: SEQUENCE; Schema: public; Owner: postgres
--

ALTER TABLE public.post_likes ALTER COLUMN id ADD GENERATED BY DEFAULT AS IDENTITY (
    SEQUENCE NAME public.post_likes_id_seq
    START WITH 1
    INCREMENT BY 1
    NO MINVALUE
    NO MAXVALUE
    CACHE 1
);


--
-- Name: post_post; Type: TABLE; Schema: public; Owner: postgres
--

CREATE TABLE public.post_post (
    id uuid NOT NULL,
    picture character varying(100) NOT NULL,
    caption character varying(10000) NOT NULL,
    posted date NOT NULL,
    likes integer NOT NULL,
    user_id integer NOT NULL
);


ALTER TABLE public.post_post OWNER TO postgres;

--
-- Name: post_post_tags; Type: TABLE; Schema: public; Owner: postgres
--

CREATE TABLE public.post_post_tags (
    id bigint NOT NULL,
    post_id uuid NOT NULL,
    tag_id bigint NOT NULL
);


ALTER TABLE public.post_post_tags OWNER TO postgres;

--
-- Name: post_post_tags_id_seq; Type: SEQUENCE; Schema: public; Owner: postgres
--

ALTER TABLE public.post_post_tags ALTER COLUMN id ADD GENERATED BY DEFAULT AS IDENTITY (
    SEQUENCE NAME public.post_post_tags_id_seq
    START WITH 1
    INCREMENT BY 1
    NO MINVALUE
    NO MAXVALUE
    CACHE 1
);


--
-- Name: post_stream; Type: TABLE; Schema: public; Owner: postgres
--

CREATE TABLE public.post_stream (
    id bigint NOT NULL,
    date timestamp with time zone NOT NULL,
    following_id integer,
    post_id uuid,
    user_id integer NOT NULL
);


ALTER TABLE public.post_stream OWNER TO postgres;

--
-- Name: post_stream_id_seq; Type: SEQUENCE; Schema: public; Owner: postgres
--

ALTER TABLE public.post_stream ALTER COLUMN id ADD GENERATED BY DEFAULT AS IDENTITY (
    SEQUENCE NAME public.post_stream_id_seq
    START WITH 1
    INCREMENT BY 1
    NO MINVALUE
    NO MAXVALUE
    CACHE 1
);


--
-- Name: post_tag; Type: TABLE; Schema: public; Owner: postgres
--

CREATE TABLE public.post_tag (
    id bigint NOT NULL,
    title character varying(75) NOT NULL,
    slug character varying(50) NOT NULL
);


ALTER TABLE public.post_tag OWNER TO postgres;

--
-- Name: post_tag_id_seq; Type: SEQUENCE; Schema: public; Owner: postgres
--

ALTER TABLE public.post_tag ALTER COLUMN id ADD GENERATED BY DEFAULT AS IDENTITY (
    SEQUENCE NAME public.post_tag_id_seq
    START WITH 1
    INCREMENT BY 1
    NO MINVALUE
    NO MAXVALUE
    CACHE 1
);


--
-- Data for Name: auth_group; Type: TABLE DATA; Schema: public; Owner: postgres
--

COPY public.auth_group (id, name) FROM stdin;
\.


--
-- Data for Name: auth_group_permissions; Type: TABLE DATA; Schema: public; Owner: postgres
--

COPY public.auth_group_permissions (id, group_id, permission_id) FROM stdin;
\.


--
-- Data for Name: auth_permission; Type: TABLE DATA; Schema: public; Owner: postgres
--

COPY public.auth_permission (id, name, content_type_id, codename) FROM stdin;
1	Can add log entry	1	add_logentry
2	Can change log entry	1	change_logentry
3	Can delete log entry	1	delete_logentry
4	Can view log entry	1	view_logentry
5	Can add permission	2	add_permission
6	Can change permission	2	change_permission
7	Can delete permission	2	delete_permission
8	Can view permission	2	view_permission
9	Can add group	3	add_group
10	Can change group	3	change_group
11	Can delete group	3	delete_group
12	Can view group	3	view_group
13	Can add user	4	add_user
14	Can change user	4	change_user
15	Can delete user	4	delete_user
16	Can view user	4	view_user
17	Can add content type	5	add_contenttype
18	Can change content type	5	change_contenttype
19	Can delete content type	5	delete_contenttype
20	Can view content type	5	view_contenttype
21	Can add session	6	add_session
22	Can change session	6	change_session
23	Can delete session	6	delete_session
24	Can view session	6	view_session
25	Can add post	7	add_post
26	Can change post	7	change_post
27	Can delete post	7	delete_post
28	Can view post	7	view_post
29	Can add Tag	8	add_tag
30	Can change Tag	8	change_tag
31	Can delete Tag	8	delete_tag
32	Can view Tag	8	view_tag
33	Can add stream	9	add_stream
34	Can change stream	9	change_stream
35	Can delete stream	9	delete_stream
36	Can view stream	9	view_stream
37	Can add follow	10	add_follow
38	Can change follow	10	change_follow
39	Can delete follow	10	delete_follow
40	Can view follow	10	view_follow
41	Can add likes	11	add_likes
42	Can change likes	11	change_likes
43	Can delete likes	11	delete_likes
44	Can view likes	11	view_likes
45	Can add profile	12	add_profile
46	Can change profile	12	change_profile
47	Can delete profile	12	delete_profile
48	Can view profile	12	view_profile
49	Can add comment	13	add_comment
50	Can change comment	13	change_comment
51	Can delete comment	13	delete_comment
52	Can view comment	13	view_comment
53	Can add message	14	add_message
54	Can change message	14	change_message
55	Can delete message	14	delete_message
56	Can view message	14	view_message
57	Can add notification	15	add_notification
58	Can change notification	15	change_notification
59	Can delete notification	15	delete_notification
60	Can view notification	15	view_notification
\.


--
-- Data for Name: auth_user; Type: TABLE DATA; Schema: public; Owner: postgres
--

COPY public.auth_user (id, password, last_login, is_superuser, username, first_name, last_name, email, is_staff, is_active, date_joined) FROM stdin;
1	pbkdf2_sha256$720000$EPoOJzUBQqamqe3TU7RMwS$W4e5lr6rYANVl4aPpcp1AVlt1OwAVzFxR6OFbPj7Asg=	2024-04-16 09:15:39.047564+05	f	iliyas			iliyasbek2003@gmail.com	f	t	2024-04-16 09:15:37.664867+05
2	pbkdf2_sha256$720000$L3MVu1mhoYS380iKqcSzF7$mmNUgoAN899XAQP51kRk+UTBzNWmA09Od0b4hVi+o0c=	2024-04-16 09:16:22.059749+05	f	damir			iliyasbek2003@gmail.com	f	t	2024-04-16 09:16:20.774973+05
\.


--
-- Data for Name: auth_user_groups; Type: TABLE DATA; Schema: public; Owner: postgres
--

COPY public.auth_user_groups (id, user_id, group_id) FROM stdin;
\.


--
-- Data for Name: auth_user_user_permissions; Type: TABLE DATA; Schema: public; Owner: postgres
--

COPY public.auth_user_user_permissions (id, user_id, permission_id) FROM stdin;
\.


--
-- Data for Name: authy_profile; Type: TABLE DATA; Schema: public; Owner: postgres
--

COPY public.authy_profile (id, user_id, bio, first_name, last_name, location, url, image) FROM stdin;
1	1	bio	Iliyas	Bekkohzha	Abylai Khan 1/1		profile_pciture/finn_VwsZIvY.jpg
2	2	no	Damir	Zhanibekov	Abylai Khan 1/1		profile_pciture/bmo.jpg
\.


--
-- Data for Name: authy_profile_favourite; Type: TABLE DATA; Schema: public; Owner: postgres
--

COPY public.authy_profile_favourite (id, profile_id, post_id) FROM stdin;
\.


--
-- Data for Name: comment_comment; Type: TABLE DATA; Schema: public; Owner: postgres
--

COPY public.comment_comment (id, body, date, post_id, user_id) FROM stdin;
\.


--
-- Data for Name: directs_message; Type: TABLE DATA; Schema: public; Owner: postgres
--

COPY public.directs_message (id, body, date, is_read, reciepient_id, sender_id, user_id) FROM stdin;
2		2024-04-16 09:18:42.761629+05	t	2	2	1
4		2024-04-16 09:18:44.74204+05	t	2	2	1
6	wasssssssssssssssaaaaaaaaaupppppppppp	2024-04-16 09:18:47.621364+05	t	2	2	1
7		2024-04-16 09:18:49.613017+05	t	2	1	1
9	wasssssssssssssssaaaaaaaaaupppppppppp	2024-04-16 09:18:52.504189+05	t	2	1	1
11		2024-04-16 09:18:53.66066+05	t	2	1	1
1		2024-04-16 09:18:42.754332+05	t	1	2	2
3		2024-04-16 09:18:44.738627+05	t	1	2	2
5	wasssssssssssssssaaaaaaaaaupppppppppp	2024-04-16 09:18:47.615944+05	t	1	2	2
8		2024-04-16 09:18:49.626072+05	t	1	1	2
10	wasssssssssssssssaaaaaaaaaupppppppppp	2024-04-16 09:18:52.520455+05	t	1	1	2
12		2024-04-16 09:18:53.665889+05	t	1	1	2
\.


--
-- Data for Name: django_admin_log; Type: TABLE DATA; Schema: public; Owner: postgres
--

COPY public.django_admin_log (id, action_time, object_id, object_repr, action_flag, change_message, content_type_id, user_id) FROM stdin;
\.


--
-- Data for Name: django_content_type; Type: TABLE DATA; Schema: public; Owner: postgres
--

COPY public.django_content_type (id, app_label, model) FROM stdin;
1	admin	logentry
2	auth	permission
3	auth	group
4	auth	user
5	contenttypes	contenttype
6	sessions	session
7	post	post
8	post	tag
9	post	stream
10	post	follow
11	post	likes
12	authy	profile
13	comment	comment
14	directs	message
15	notification	notification
\.


--
-- Data for Name: django_migrations; Type: TABLE DATA; Schema: public; Owner: postgres
--

COPY public.django_migrations (id, app, name, applied) FROM stdin;
1	contenttypes	0001_initial	2024-04-15 20:18:27.490648+05
2	auth	0001_initial	2024-04-15 20:18:27.612464+05
3	admin	0001_initial	2024-04-15 20:18:27.653952+05
4	admin	0002_logentry_remove_auto_add	2024-04-15 20:18:27.673871+05
5	admin	0003_logentry_add_action_flag_choices	2024-04-15 20:18:27.694794+05
6	contenttypes	0002_remove_content_type_name	2024-04-15 20:18:27.739528+05
7	auth	0002_alter_permission_name_max_length	2024-04-15 20:18:27.761827+05
8	auth	0003_alter_user_email_max_length	2024-04-15 20:18:27.778152+05
9	auth	0004_alter_user_username_opts	2024-04-15 20:18:27.78726+05
10	auth	0005_alter_user_last_login_null	2024-04-15 20:18:27.795749+05
11	auth	0006_require_contenttypes_0002	2024-04-15 20:18:27.797428+05
12	auth	0007_alter_validators_add_error_messages	2024-04-15 20:18:27.805533+05
13	auth	0008_alter_user_username_max_length	2024-04-15 20:18:27.816969+05
14	auth	0009_alter_user_last_name_max_length	2024-04-15 20:18:27.825618+05
15	auth	0010_alter_group_name_max_length	2024-04-15 20:18:27.835117+05
16	auth	0011_update_proxy_permissions	2024-04-15 20:18:27.843035+05
17	auth	0012_alter_user_first_name_max_length	2024-04-15 20:18:27.853619+05
18	post	0001_initial	2024-04-15 20:18:27.929807+05
19	post	0002_auto_20220101_0216	2024-04-15 20:18:27.944774+05
20	post	0003_auto_20220101_0217	2024-04-15 20:18:27.958116+05
21	post	0004_auto_20220208_1223	2024-04-15 20:18:27.987631+05
22	post	0005_auto_20220208_1234	2024-04-15 20:18:27.9998+05
23	authy	0001_initial	2024-04-15 20:18:28.030224+05
24	authy	0002_auto_20220208_1307	2024-04-15 20:18:28.043328+05
25	authy	0003_auto_20220208_1308	2024-04-15 20:18:28.057201+05
26	authy	0004_auto_20220211_1648	2024-04-15 20:18:28.141644+05
27	authy	0005_profile_image	2024-04-15 20:18:28.155476+05
28	authy	0006_auto_20220211_1935	2024-04-15 20:18:28.183707+05
29	authy	0007_alter_profile_image	2024-04-15 20:18:28.196878+05
30	authy	0008_alter_profile_id	2024-04-15 20:18:28.228652+05
31	comment	0001_initial	2024-04-15 20:18:28.25367+05
32	comment	0002_auto_20220211_2140	2024-04-15 20:18:28.269681+05
33	comment	0003_alter_comment_id	2024-04-15 20:18:28.292759+05
34	directs	0001_initial	2024-04-15 20:18:28.321798+05
35	directs	0002_auto_20220212_1935	2024-04-15 20:18:28.356631+05
36	directs	0003_auto_20220213_2344	2024-04-15 20:18:28.370605+05
37	directs	0004_alter_message_id	2024-04-15 20:18:28.395532+05
38	notification	0001_initial	2024-04-15 20:18:28.425439+05
39	notification	0002_auto_20220214_1144	2024-04-15 20:18:28.442107+05
40	notification	0003_auto_20220214_1319	2024-04-15 20:18:28.465081+05
41	notification	0004_alter_notification_id	2024-04-15 20:18:28.489129+05
42	post	0006_alter_follow_id_alter_likes_id_alter_stream_id_and_more	2024-04-15 20:18:28.587396+05
43	sessions	0001_initial	2024-04-15 20:18:28.599516+05
\.


--
-- Data for Name: django_session; Type: TABLE DATA; Schema: public; Owner: postgres
--

COPY public.django_session (session_key, session_data, expire_date) FROM stdin;
u8q89ma349btx1550d2o4qlr82qwv4st	.eJxVjDsOwjAQBe_iGlnZxF9Kes5g7a5tHEC2FCcV4u4QKQW0b2beSwTc1hK2npYwR3EWIE6_GyE_Ut1BvGO9NcmtrstMclfkQbu8tpiel8P9OyjYy7dmQ4amOBhg5OydzmjRWnBjJsNxBKDJmpxAa29sJkB2ipSnNKBKnsX7A_wROJU:1rwaEN:4Tqi-1LgDgjH8hwKgIpZT8yd5hOYDnveDpGabj-9puI	2024-04-30 09:15:39.053068+05
fjycwvcsi4nesussu0rbkucx9i6rwlic	.eJxVjEEOwiAURO_C2hDgQwGX7nsG8oGPVA1NSrsy3t026UKXM-_NvFnAba1h67SEKbMrU-zy20VMT2oHyA9s95mnua3LFPmh8JN2Ps6ZXrfT_Tuo2Ou-dmDJGxgMApCEZDKassfiXdYeVYnCS53dIGRMBEVEsk45mygWjcKyzxfUEDfh:1rwaF4:lOTdkSY6LUXR4E8XvxlWiOyN5ER0Ma0w54KJicJ9_MY	2024-04-30 09:16:22.06435+05
\.


--
-- Data for Name: notification_notification; Type: TABLE DATA; Schema: public; Owner: postgres
--

COPY public.notification_notification (id, notification_types, text_preview, date, is_seen, post_id, sender_id, user_id) FROM stdin;
1	3		2024-04-16 09:18:09.792469+05	f	\N	2	1
2	\N		2024-04-16 09:18:33.038941+05	f	9fcae36c-9b1b-4144-a787-0d4c4737fd4f	2	2
\.


--
-- Data for Name: post_follow; Type: TABLE DATA; Schema: public; Owner: postgres
--

COPY public.post_follow (id, follower_id, following_id) FROM stdin;
1	2	1
\.


--
-- Data for Name: post_likes; Type: TABLE DATA; Schema: public; Owner: postgres
--

COPY public.post_likes (id, post_id, user_id) FROM stdin;
1	9fcae36c-9b1b-4144-a787-0d4c4737fd4f	2
\.


--
-- Data for Name: post_post; Type: TABLE DATA; Schema: public; Owner: postgres
--

COPY public.post_post (id, picture, caption, posted, likes, user_id) FROM stdin;
54027eae-6cd1-4a6b-b0b5-a4342e7acd3e	user_1/seven.jpg	art	2024-04-16	0	1
9fcae36c-9b1b-4144-a787-0d4c4737fd4f	user_2/ocean_with_cloud.png	clouds	2024-04-16	1	2
\.


--
-- Data for Name: post_post_tags; Type: TABLE DATA; Schema: public; Owner: postgres
--

COPY public.post_post_tags (id, post_id, tag_id) FROM stdin;
1	9fcae36c-9b1b-4144-a787-0d4c4737fd4f	1
2	9fcae36c-9b1b-4144-a787-0d4c4737fd4f	2
3	9fcae36c-9b1b-4144-a787-0d4c4737fd4f	3
4	9fcae36c-9b1b-4144-a787-0d4c4737fd4f	4
5	54027eae-6cd1-4a6b-b0b5-a4342e7acd3e	1
6	54027eae-6cd1-4a6b-b0b5-a4342e7acd3e	2
7	54027eae-6cd1-4a6b-b0b5-a4342e7acd3e	3
8	54027eae-6cd1-4a6b-b0b5-a4342e7acd3e	4
\.


--
-- Data for Name: post_stream; Type: TABLE DATA; Schema: public; Owner: postgres
--

COPY public.post_stream (id, date, following_id, post_id, user_id) FROM stdin;
1	2024-04-16 05:00:00+05	1	54027eae-6cd1-4a6b-b0b5-a4342e7acd3e	2
\.


--
-- Data for Name: post_tag; Type: TABLE DATA; Schema: public; Owner: postgres
--

COPY public.post_tag (id, title, slug) FROM stdin;
1	clouds	3ceb01a6-fba8-11ee-8c42-2d2e933fc140
2	art	3ceb01a7-fba8-11ee-8c42-2d2e933fc140
3	big	3ceb01a8-fba8-11ee-8c42-2d2e933fc140
4	nice	3ceb01a9-fba8-11ee-8c42-2d2e933fc140
\.


--
-- Name: auth_group_id_seq; Type: SEQUENCE SET; Schema: public; Owner: postgres
--

SELECT pg_catalog.setval('public.auth_group_id_seq', 1, false);


--
-- Name: auth_group_permissions_id_seq; Type: SEQUENCE SET; Schema: public; Owner: postgres
--

SELECT pg_catalog.setval('public.auth_group_permissions_id_seq', 1, false);


--
-- Name: auth_permission_id_seq; Type: SEQUENCE SET; Schema: public; Owner: postgres
--

SELECT pg_catalog.setval('public.auth_permission_id_seq', 60, true);


--
-- Name: auth_user_groups_id_seq; Type: SEQUENCE SET; Schema: public; Owner: postgres
--

SELECT pg_catalog.setval('public.auth_user_groups_id_seq', 1, false);


--
-- Name: auth_user_id_seq; Type: SEQUENCE SET; Schema: public; Owner: postgres
--

SELECT pg_catalog.setval('public.auth_user_id_seq', 2, true);


--
-- Name: auth_user_user_permissions_id_seq; Type: SEQUENCE SET; Schema: public; Owner: postgres
--

SELECT pg_catalog.setval('public.auth_user_user_permissions_id_seq', 1, false);


--
-- Name: authy_profile_favourite_id_seq; Type: SEQUENCE SET; Schema: public; Owner: postgres
--

SELECT pg_catalog.setval('public.authy_profile_favourite_id_seq', 1, false);


--
-- Name: authy_profile_id_seq; Type: SEQUENCE SET; Schema: public; Owner: postgres
--

SELECT pg_catalog.setval('public.authy_profile_id_seq', 2, true);


--
-- Name: comment_comment_id_seq; Type: SEQUENCE SET; Schema: public; Owner: postgres
--

SELECT pg_catalog.setval('public.comment_comment_id_seq', 1, false);


--
-- Name: directs_message_id_seq; Type: SEQUENCE SET; Schema: public; Owner: postgres
--

SELECT pg_catalog.setval('public.directs_message_id_seq', 12, true);


--
-- Name: django_admin_log_id_seq; Type: SEQUENCE SET; Schema: public; Owner: postgres
--

SELECT pg_catalog.setval('public.django_admin_log_id_seq', 1, false);


--
-- Name: django_content_type_id_seq; Type: SEQUENCE SET; Schema: public; Owner: postgres
--

SELECT pg_catalog.setval('public.django_content_type_id_seq', 15, true);


--
-- Name: django_migrations_id_seq; Type: SEQUENCE SET; Schema: public; Owner: postgres
--

SELECT pg_catalog.setval('public.django_migrations_id_seq', 43, true);


--
-- Name: notification_notification_id_seq; Type: SEQUENCE SET; Schema: public; Owner: postgres
--

SELECT pg_catalog.setval('public.notification_notification_id_seq', 2, true);


--
-- Name: post_follow_id_seq; Type: SEQUENCE SET; Schema: public; Owner: postgres
--

SELECT pg_catalog.setval('public.post_follow_id_seq', 1, true);


--
-- Name: post_likes_id_seq; Type: SEQUENCE SET; Schema: public; Owner: postgres
--

SELECT pg_catalog.setval('public.post_likes_id_seq', 1, true);


--
-- Name: post_post_tags_id_seq; Type: SEQUENCE SET; Schema: public; Owner: postgres
--

SELECT pg_catalog.setval('public.post_post_tags_id_seq', 8, true);


--
-- Name: post_stream_id_seq; Type: SEQUENCE SET; Schema: public; Owner: postgres
--

SELECT pg_catalog.setval('public.post_stream_id_seq', 1, true);


--
-- Name: post_tag_id_seq; Type: SEQUENCE SET; Schema: public; Owner: postgres
--

SELECT pg_catalog.setval('public.post_tag_id_seq', 4, true);


--
-- Name: auth_group auth_group_name_key; Type: CONSTRAINT; Schema: public; Owner: postgres
--

ALTER TABLE ONLY public.auth_group
    ADD CONSTRAINT auth_group_name_key UNIQUE (name);


--
-- Name: auth_group_permissions auth_group_permissions_group_id_permission_id_0cd325b0_uniq; Type: CONSTRAINT; Schema: public; Owner: postgres
--

ALTER TABLE ONLY public.auth_group_permissions
    ADD CONSTRAINT auth_group_permissions_group_id_permission_id_0cd325b0_uniq UNIQUE (group_id, permission_id);


--
-- Name: auth_group_permissions auth_group_permissions_pkey; Type: CONSTRAINT; Schema: public; Owner: postgres
--

ALTER TABLE ONLY public.auth_group_permissions
    ADD CONSTRAINT auth_group_permissions_pkey PRIMARY KEY (id);


--
-- Name: auth_group auth_group_pkey; Type: CONSTRAINT; Schema: public; Owner: postgres
--

ALTER TABLE ONLY public.auth_group
    ADD CONSTRAINT auth_group_pkey PRIMARY KEY (id);


--
-- Name: auth_permission auth_permission_content_type_id_codename_01ab375a_uniq; Type: CONSTRAINT; Schema: public; Owner: postgres
--

ALTER TABLE ONLY public.auth_permission
    ADD CONSTRAINT auth_permission_content_type_id_codename_01ab375a_uniq UNIQUE (content_type_id, codename);


--
-- Name: auth_permission auth_permission_pkey; Type: CONSTRAINT; Schema: public; Owner: postgres
--

ALTER TABLE ONLY public.auth_permission
    ADD CONSTRAINT auth_permission_pkey PRIMARY KEY (id);


--
-- Name: auth_user_groups auth_user_groups_pkey; Type: CONSTRAINT; Schema: public; Owner: postgres
--

ALTER TABLE ONLY public.auth_user_groups
    ADD CONSTRAINT auth_user_groups_pkey PRIMARY KEY (id);


--
-- Name: auth_user_groups auth_user_groups_user_id_group_id_94350c0c_uniq; Type: CONSTRAINT; Schema: public; Owner: postgres
--

ALTER TABLE ONLY public.auth_user_groups
    ADD CONSTRAINT auth_user_groups_user_id_group_id_94350c0c_uniq UNIQUE (user_id, group_id);


--
-- Name: auth_user auth_user_pkey; Type: CONSTRAINT; Schema: public; Owner: postgres
--

ALTER TABLE ONLY public.auth_user
    ADD CONSTRAINT auth_user_pkey PRIMARY KEY (id);


--
-- Name: auth_user_user_permissions auth_user_user_permissions_pkey; Type: CONSTRAINT; Schema: public; Owner: postgres
--

ALTER TABLE ONLY public.auth_user_user_permissions
    ADD CONSTRAINT auth_user_user_permissions_pkey PRIMARY KEY (id);


--
-- Name: auth_user_user_permissions auth_user_user_permissions_user_id_permission_id_14a6b632_uniq; Type: CONSTRAINT; Schema: public; Owner: postgres
--

ALTER TABLE ONLY public.auth_user_user_permissions
    ADD CONSTRAINT auth_user_user_permissions_user_id_permission_id_14a6b632_uniq UNIQUE (user_id, permission_id);


--
-- Name: auth_user auth_user_username_key; Type: CONSTRAINT; Schema: public; Owner: postgres
--

ALTER TABLE ONLY public.auth_user
    ADD CONSTRAINT auth_user_username_key UNIQUE (username);


--
-- Name: authy_profile_favourite authy_profile_favourite_pkey; Type: CONSTRAINT; Schema: public; Owner: postgres
--

ALTER TABLE ONLY public.authy_profile_favourite
    ADD CONSTRAINT authy_profile_favourite_pkey PRIMARY KEY (id);


--
-- Name: authy_profile_favourite authy_profile_favourite_profile_id_post_id_40a317a3_uniq; Type: CONSTRAINT; Schema: public; Owner: postgres
--

ALTER TABLE ONLY public.authy_profile_favourite
    ADD CONSTRAINT authy_profile_favourite_profile_id_post_id_40a317a3_uniq UNIQUE (profile_id, post_id);


--
-- Name: authy_profile authy_profile_pkey; Type: CONSTRAINT; Schema: public; Owner: postgres
--

ALTER TABLE ONLY public.authy_profile
    ADD CONSTRAINT authy_profile_pkey PRIMARY KEY (id);


--
-- Name: authy_profile authy_profile_user_id_200e8c9b_uniq; Type: CONSTRAINT; Schema: public; Owner: postgres
--

ALTER TABLE ONLY public.authy_profile
    ADD CONSTRAINT authy_profile_user_id_200e8c9b_uniq UNIQUE (user_id);


--
-- Name: comment_comment comment_comment_pkey; Type: CONSTRAINT; Schema: public; Owner: postgres
--

ALTER TABLE ONLY public.comment_comment
    ADD CONSTRAINT comment_comment_pkey PRIMARY KEY (id);


--
-- Name: directs_message directs_message_pkey; Type: CONSTRAINT; Schema: public; Owner: postgres
--

ALTER TABLE ONLY public.directs_message
    ADD CONSTRAINT directs_message_pkey PRIMARY KEY (id);


--
-- Name: django_admin_log django_admin_log_pkey; Type: CONSTRAINT; Schema: public; Owner: postgres
--

ALTER TABLE ONLY public.django_admin_log
    ADD CONSTRAINT django_admin_log_pkey PRIMARY KEY (id);


--
-- Name: django_content_type django_content_type_app_label_model_76bd3d3b_uniq; Type: CONSTRAINT; Schema: public; Owner: postgres
--

ALTER TABLE ONLY public.django_content_type
    ADD CONSTRAINT django_content_type_app_label_model_76bd3d3b_uniq UNIQUE (app_label, model);


--
-- Name: django_content_type django_content_type_pkey; Type: CONSTRAINT; Schema: public; Owner: postgres
--

ALTER TABLE ONLY public.django_content_type
    ADD CONSTRAINT django_content_type_pkey PRIMARY KEY (id);


--
-- Name: django_migrations django_migrations_pkey; Type: CONSTRAINT; Schema: public; Owner: postgres
--

ALTER TABLE ONLY public.django_migrations
    ADD CONSTRAINT django_migrations_pkey PRIMARY KEY (id);


--
-- Name: django_session django_session_pkey; Type: CONSTRAINT; Schema: public; Owner: postgres
--

ALTER TABLE ONLY public.django_session
    ADD CONSTRAINT django_session_pkey PRIMARY KEY (session_key);


--
-- Name: notification_notification notification_notification_pkey; Type: CONSTRAINT; Schema: public; Owner: postgres
--

ALTER TABLE ONLY public.notification_notification
    ADD CONSTRAINT notification_notification_pkey PRIMARY KEY (id);


--
-- Name: post_follow post_follow_pkey; Type: CONSTRAINT; Schema: public; Owner: postgres
--

ALTER TABLE ONLY public.post_follow
    ADD CONSTRAINT post_follow_pkey PRIMARY KEY (id);


--
-- Name: post_likes post_likes_pkey; Type: CONSTRAINT; Schema: public; Owner: postgres
--

ALTER TABLE ONLY public.post_likes
    ADD CONSTRAINT post_likes_pkey PRIMARY KEY (id);


--
-- Name: post_post post_post_pkey; Type: CONSTRAINT; Schema: public; Owner: postgres
--

ALTER TABLE ONLY public.post_post
    ADD CONSTRAINT post_post_pkey PRIMARY KEY (id);


--
-- Name: post_post_tags post_post_tags_pkey; Type: CONSTRAINT; Schema: public; Owner: postgres
--

ALTER TABLE ONLY public.post_post_tags
    ADD CONSTRAINT post_post_tags_pkey PRIMARY KEY (id);


--
-- Name: post_post_tags post_post_tags_post_id_tag_id_15c628ee_uniq; Type: CONSTRAINT; Schema: public; Owner: postgres
--

ALTER TABLE ONLY public.post_post_tags
    ADD CONSTRAINT post_post_tags_post_id_tag_id_15c628ee_uniq UNIQUE (post_id, tag_id);


--
-- Name: post_stream post_stream_pkey; Type: CONSTRAINT; Schema: public; Owner: postgres
--

ALTER TABLE ONLY public.post_stream
    ADD CONSTRAINT post_stream_pkey PRIMARY KEY (id);


--
-- Name: post_tag post_tag_pkey; Type: CONSTRAINT; Schema: public; Owner: postgres
--

ALTER TABLE ONLY public.post_tag
    ADD CONSTRAINT post_tag_pkey PRIMARY KEY (id);


--
-- Name: post_tag post_tag_slug_key; Type: CONSTRAINT; Schema: public; Owner: postgres
--

ALTER TABLE ONLY public.post_tag
    ADD CONSTRAINT post_tag_slug_key UNIQUE (slug);


--
-- Name: auth_group_name_a6ea08ec_like; Type: INDEX; Schema: public; Owner: postgres
--

CREATE INDEX auth_group_name_a6ea08ec_like ON public.auth_group USING btree (name varchar_pattern_ops);


--
-- Name: auth_group_permissions_group_id_b120cbf9; Type: INDEX; Schema: public; Owner: postgres
--

CREATE INDEX auth_group_permissions_group_id_b120cbf9 ON public.auth_group_permissions USING btree (group_id);


--
-- Name: auth_group_permissions_permission_id_84c5c92e; Type: INDEX; Schema: public; Owner: postgres
--

CREATE INDEX auth_group_permissions_permission_id_84c5c92e ON public.auth_group_permissions USING btree (permission_id);


--
-- Name: auth_permission_content_type_id_2f476e4b; Type: INDEX; Schema: public; Owner: postgres
--

CREATE INDEX auth_permission_content_type_id_2f476e4b ON public.auth_permission USING btree (content_type_id);


--
-- Name: auth_user_groups_group_id_97559544; Type: INDEX; Schema: public; Owner: postgres
--

CREATE INDEX auth_user_groups_group_id_97559544 ON public.auth_user_groups USING btree (group_id);


--
-- Name: auth_user_groups_user_id_6a12ed8b; Type: INDEX; Schema: public; Owner: postgres
--

CREATE INDEX auth_user_groups_user_id_6a12ed8b ON public.auth_user_groups USING btree (user_id);


--
-- Name: auth_user_user_permissions_permission_id_1fbb5f2c; Type: INDEX; Schema: public; Owner: postgres
--

CREATE INDEX auth_user_user_permissions_permission_id_1fbb5f2c ON public.auth_user_user_permissions USING btree (permission_id);


--
-- Name: auth_user_user_permissions_user_id_a95ead1b; Type: INDEX; Schema: public; Owner: postgres
--

CREATE INDEX auth_user_user_permissions_user_id_a95ead1b ON public.auth_user_user_permissions USING btree (user_id);


--
-- Name: auth_user_username_6821ab7c_like; Type: INDEX; Schema: public; Owner: postgres
--

CREATE INDEX auth_user_username_6821ab7c_like ON public.auth_user USING btree (username varchar_pattern_ops);


--
-- Name: authy_profile_favourite_post_id_9353731c; Type: INDEX; Schema: public; Owner: postgres
--

CREATE INDEX authy_profile_favourite_post_id_9353731c ON public.authy_profile_favourite USING btree (post_id);


--
-- Name: authy_profile_favourite_profile_id_ce06f2d6; Type: INDEX; Schema: public; Owner: postgres
--

CREATE INDEX authy_profile_favourite_profile_id_ce06f2d6 ON public.authy_profile_favourite USING btree (profile_id);


--
-- Name: comment_comment_post_id_357153e3; Type: INDEX; Schema: public; Owner: postgres
--

CREATE INDEX comment_comment_post_id_357153e3 ON public.comment_comment USING btree (post_id);


--
-- Name: comment_comment_user_id_6078e57b; Type: INDEX; Schema: public; Owner: postgres
--

CREATE INDEX comment_comment_user_id_6078e57b ON public.comment_comment USING btree (user_id);


--
-- Name: directs_message_recipient_id_42d8a4f8; Type: INDEX; Schema: public; Owner: postgres
--

CREATE INDEX directs_message_recipient_id_42d8a4f8 ON public.directs_message USING btree (reciepient_id);


--
-- Name: directs_message_sender_id_3a1c1c0b; Type: INDEX; Schema: public; Owner: postgres
--

CREATE INDEX directs_message_sender_id_3a1c1c0b ON public.directs_message USING btree (sender_id);


--
-- Name: directs_message_user_id_2344c818; Type: INDEX; Schema: public; Owner: postgres
--

CREATE INDEX directs_message_user_id_2344c818 ON public.directs_message USING btree (user_id);


--
-- Name: django_admin_log_content_type_id_c4bce8eb; Type: INDEX; Schema: public; Owner: postgres
--

CREATE INDEX django_admin_log_content_type_id_c4bce8eb ON public.django_admin_log USING btree (content_type_id);


--
-- Name: django_admin_log_user_id_c564eba6; Type: INDEX; Schema: public; Owner: postgres
--

CREATE INDEX django_admin_log_user_id_c564eba6 ON public.django_admin_log USING btree (user_id);


--
-- Name: django_session_expire_date_a5c62663; Type: INDEX; Schema: public; Owner: postgres
--

CREATE INDEX django_session_expire_date_a5c62663 ON public.django_session USING btree (expire_date);


--
-- Name: django_session_session_key_c0390e0f_like; Type: INDEX; Schema: public; Owner: postgres
--

CREATE INDEX django_session_session_key_c0390e0f_like ON public.django_session USING btree (session_key varchar_pattern_ops);


--
-- Name: notification_notification_post_id_7eb3677e; Type: INDEX; Schema: public; Owner: postgres
--

CREATE INDEX notification_notification_post_id_7eb3677e ON public.notification_notification USING btree (post_id);


--
-- Name: notification_notification_sender_id_1f59f8e1; Type: INDEX; Schema: public; Owner: postgres
--

CREATE INDEX notification_notification_sender_id_1f59f8e1 ON public.notification_notification USING btree (sender_id);


--
-- Name: notification_notification_user_id_e9d6f5f4; Type: INDEX; Schema: public; Owner: postgres
--

CREATE INDEX notification_notification_user_id_e9d6f5f4 ON public.notification_notification USING btree (user_id);


--
-- Name: post_follow_follower_id_30a4d4cf; Type: INDEX; Schema: public; Owner: postgres
--

CREATE INDEX post_follow_follower_id_30a4d4cf ON public.post_follow USING btree (follower_id);


--
-- Name: post_follow_following_id_1cb2c456; Type: INDEX; Schema: public; Owner: postgres
--

CREATE INDEX post_follow_following_id_1cb2c456 ON public.post_follow USING btree (following_id);


--
-- Name: post_likes_post_id_b7e609e3; Type: INDEX; Schema: public; Owner: postgres
--

CREATE INDEX post_likes_post_id_b7e609e3 ON public.post_likes USING btree (post_id);


--
-- Name: post_likes_user_id_12e60720; Type: INDEX; Schema: public; Owner: postgres
--

CREATE INDEX post_likes_user_id_12e60720 ON public.post_likes USING btree (user_id);


--
-- Name: post_post_tags_post_id_6adf1c1b; Type: INDEX; Schema: public; Owner: postgres
--

CREATE INDEX post_post_tags_post_id_6adf1c1b ON public.post_post_tags USING btree (post_id);


--
-- Name: post_post_tags_tag_id_cb551e85; Type: INDEX; Schema: public; Owner: postgres
--

CREATE INDEX post_post_tags_tag_id_cb551e85 ON public.post_post_tags USING btree (tag_id);


--
-- Name: post_post_user_id_b9c97aef; Type: INDEX; Schema: public; Owner: postgres
--

CREATE INDEX post_post_user_id_b9c97aef ON public.post_post USING btree (user_id);


--
-- Name: post_stream_following_id_1fc48816; Type: INDEX; Schema: public; Owner: postgres
--

CREATE INDEX post_stream_following_id_1fc48816 ON public.post_stream USING btree (following_id);


--
-- Name: post_stream_post_id_207bb8c1; Type: INDEX; Schema: public; Owner: postgres
--

CREATE INDEX post_stream_post_id_207bb8c1 ON public.post_stream USING btree (post_id);


--
-- Name: post_stream_user_id_330aec76; Type: INDEX; Schema: public; Owner: postgres
--

CREATE INDEX post_stream_user_id_330aec76 ON public.post_stream USING btree (user_id);


--
-- Name: post_tag_slug_c7dc921b_like; Type: INDEX; Schema: public; Owner: postgres
--

CREATE INDEX post_tag_slug_c7dc921b_like ON public.post_tag USING btree (slug varchar_pattern_ops);


--
-- Name: auth_group_permissions auth_group_permissio_permission_id_84c5c92e_fk_auth_perm; Type: FK CONSTRAINT; Schema: public; Owner: postgres
--

ALTER TABLE ONLY public.auth_group_permissions
    ADD CONSTRAINT auth_group_permissio_permission_id_84c5c92e_fk_auth_perm FOREIGN KEY (permission_id) REFERENCES public.auth_permission(id) DEFERRABLE INITIALLY DEFERRED;


--
-- Name: auth_group_permissions auth_group_permissions_group_id_b120cbf9_fk_auth_group_id; Type: FK CONSTRAINT; Schema: public; Owner: postgres
--

ALTER TABLE ONLY public.auth_group_permissions
    ADD CONSTRAINT auth_group_permissions_group_id_b120cbf9_fk_auth_group_id FOREIGN KEY (group_id) REFERENCES public.auth_group(id) DEFERRABLE INITIALLY DEFERRED;


--
-- Name: auth_permission auth_permission_content_type_id_2f476e4b_fk_django_co; Type: FK CONSTRAINT; Schema: public; Owner: postgres
--

ALTER TABLE ONLY public.auth_permission
    ADD CONSTRAINT auth_permission_content_type_id_2f476e4b_fk_django_co FOREIGN KEY (content_type_id) REFERENCES public.django_content_type(id) DEFERRABLE INITIALLY DEFERRED;


--
-- Name: auth_user_groups auth_user_groups_group_id_97559544_fk_auth_group_id; Type: FK CONSTRAINT; Schema: public; Owner: postgres
--

ALTER TABLE ONLY public.auth_user_groups
    ADD CONSTRAINT auth_user_groups_group_id_97559544_fk_auth_group_id FOREIGN KEY (group_id) REFERENCES public.auth_group(id) DEFERRABLE INITIALLY DEFERRED;


--
-- Name: auth_user_groups auth_user_groups_user_id_6a12ed8b_fk_auth_user_id; Type: FK CONSTRAINT; Schema: public; Owner: postgres
--

ALTER TABLE ONLY public.auth_user_groups
    ADD CONSTRAINT auth_user_groups_user_id_6a12ed8b_fk_auth_user_id FOREIGN KEY (user_id) REFERENCES public.auth_user(id) DEFERRABLE INITIALLY DEFERRED;


--
-- Name: auth_user_user_permissions auth_user_user_permi_permission_id_1fbb5f2c_fk_auth_perm; Type: FK CONSTRAINT; Schema: public; Owner: postgres
--

ALTER TABLE ONLY public.auth_user_user_permissions
    ADD CONSTRAINT auth_user_user_permi_permission_id_1fbb5f2c_fk_auth_perm FOREIGN KEY (permission_id) REFERENCES public.auth_permission(id) DEFERRABLE INITIALLY DEFERRED;


--
-- Name: auth_user_user_permissions auth_user_user_permissions_user_id_a95ead1b_fk_auth_user_id; Type: FK CONSTRAINT; Schema: public; Owner: postgres
--

ALTER TABLE ONLY public.auth_user_user_permissions
    ADD CONSTRAINT auth_user_user_permissions_user_id_a95ead1b_fk_auth_user_id FOREIGN KEY (user_id) REFERENCES public.auth_user(id) DEFERRABLE INITIALLY DEFERRED;


--
-- Name: authy_profile_favourite authy_profile_favourite_post_id_9353731c_fk_post_post_id; Type: FK CONSTRAINT; Schema: public; Owner: postgres
--

ALTER TABLE ONLY public.authy_profile_favourite
    ADD CONSTRAINT authy_profile_favourite_post_id_9353731c_fk_post_post_id FOREIGN KEY (post_id) REFERENCES public.post_post(id) DEFERRABLE INITIALLY DEFERRED;


--
-- Name: authy_profile_favourite authy_profile_favourite_profile_id_ce06f2d6_fk; Type: FK CONSTRAINT; Schema: public; Owner: postgres
--

ALTER TABLE ONLY public.authy_profile_favourite
    ADD CONSTRAINT authy_profile_favourite_profile_id_ce06f2d6_fk FOREIGN KEY (profile_id) REFERENCES public.authy_profile(id) DEFERRABLE INITIALLY DEFERRED;


--
-- Name: authy_profile authy_profile_user_id_200e8c9b_fk_auth_user_id; Type: FK CONSTRAINT; Schema: public; Owner: postgres
--

ALTER TABLE ONLY public.authy_profile
    ADD CONSTRAINT authy_profile_user_id_200e8c9b_fk_auth_user_id FOREIGN KEY (user_id) REFERENCES public.auth_user(id) DEFERRABLE INITIALLY DEFERRED;


--
-- Name: comment_comment comment_comment_post_id_357153e3_fk_post_post_id; Type: FK CONSTRAINT; Schema: public; Owner: postgres
--

ALTER TABLE ONLY public.comment_comment
    ADD CONSTRAINT comment_comment_post_id_357153e3_fk_post_post_id FOREIGN KEY (post_id) REFERENCES public.post_post(id) DEFERRABLE INITIALLY DEFERRED;


--
-- Name: comment_comment comment_comment_user_id_6078e57b_fk_auth_user_id; Type: FK CONSTRAINT; Schema: public; Owner: postgres
--

ALTER TABLE ONLY public.comment_comment
    ADD CONSTRAINT comment_comment_user_id_6078e57b_fk_auth_user_id FOREIGN KEY (user_id) REFERENCES public.auth_user(id) DEFERRABLE INITIALLY DEFERRED;


--
-- Name: directs_message directs_message_reciepient_id_04aff480_fk_auth_user_id; Type: FK CONSTRAINT; Schema: public; Owner: postgres
--

ALTER TABLE ONLY public.directs_message
    ADD CONSTRAINT directs_message_reciepient_id_04aff480_fk_auth_user_id FOREIGN KEY (reciepient_id) REFERENCES public.auth_user(id) DEFERRABLE INITIALLY DEFERRED;


--
-- Name: directs_message directs_message_sender_id_3a1c1c0b_fk_auth_user_id; Type: FK CONSTRAINT; Schema: public; Owner: postgres
--

ALTER TABLE ONLY public.directs_message
    ADD CONSTRAINT directs_message_sender_id_3a1c1c0b_fk_auth_user_id FOREIGN KEY (sender_id) REFERENCES public.auth_user(id) DEFERRABLE INITIALLY DEFERRED;


--
-- Name: directs_message directs_message_user_id_2344c818_fk_auth_user_id; Type: FK CONSTRAINT; Schema: public; Owner: postgres
--

ALTER TABLE ONLY public.directs_message
    ADD CONSTRAINT directs_message_user_id_2344c818_fk_auth_user_id FOREIGN KEY (user_id) REFERENCES public.auth_user(id) DEFERRABLE INITIALLY DEFERRED;


--
-- Name: django_admin_log django_admin_log_content_type_id_c4bce8eb_fk_django_co; Type: FK CONSTRAINT; Schema: public; Owner: postgres
--

ALTER TABLE ONLY public.django_admin_log
    ADD CONSTRAINT django_admin_log_content_type_id_c4bce8eb_fk_django_co FOREIGN KEY (content_type_id) REFERENCES public.django_content_type(id) DEFERRABLE INITIALLY DEFERRED;


--
-- Name: django_admin_log django_admin_log_user_id_c564eba6_fk_auth_user_id; Type: FK CONSTRAINT; Schema: public; Owner: postgres
--

ALTER TABLE ONLY public.django_admin_log
    ADD CONSTRAINT django_admin_log_user_id_c564eba6_fk_auth_user_id FOREIGN KEY (user_id) REFERENCES public.auth_user(id) DEFERRABLE INITIALLY DEFERRED;


--
-- Name: notification_notification notification_notification_post_id_7eb3677e_fk_post_post_id; Type: FK CONSTRAINT; Schema: public; Owner: postgres
--

ALTER TABLE ONLY public.notification_notification
    ADD CONSTRAINT notification_notification_post_id_7eb3677e_fk_post_post_id FOREIGN KEY (post_id) REFERENCES public.post_post(id) DEFERRABLE INITIALLY DEFERRED;


--
-- Name: notification_notification notification_notification_sender_id_1f59f8e1_fk_auth_user_id; Type: FK CONSTRAINT; Schema: public; Owner: postgres
--

ALTER TABLE ONLY public.notification_notification
    ADD CONSTRAINT notification_notification_sender_id_1f59f8e1_fk_auth_user_id FOREIGN KEY (sender_id) REFERENCES public.auth_user(id) DEFERRABLE INITIALLY DEFERRED;


--
-- Name: notification_notification notification_notification_user_id_e9d6f5f4_fk_auth_user_id; Type: FK CONSTRAINT; Schema: public; Owner: postgres
--

ALTER TABLE ONLY public.notification_notification
    ADD CONSTRAINT notification_notification_user_id_e9d6f5f4_fk_auth_user_id FOREIGN KEY (user_id) REFERENCES public.auth_user(id) DEFERRABLE INITIALLY DEFERRED;


--
-- Name: post_follow post_follow_follower_id_30a4d4cf_fk_auth_user_id; Type: FK CONSTRAINT; Schema: public; Owner: postgres
--

ALTER TABLE ONLY public.post_follow
    ADD CONSTRAINT post_follow_follower_id_30a4d4cf_fk_auth_user_id FOREIGN KEY (follower_id) REFERENCES public.auth_user(id) DEFERRABLE INITIALLY DEFERRED;


--
-- Name: post_follow post_follow_following_id_1cb2c456_fk_auth_user_id; Type: FK CONSTRAINT; Schema: public; Owner: postgres
--

ALTER TABLE ONLY public.post_follow
    ADD CONSTRAINT post_follow_following_id_1cb2c456_fk_auth_user_id FOREIGN KEY (following_id) REFERENCES public.auth_user(id) DEFERRABLE INITIALLY DEFERRED;


--
-- Name: post_likes post_likes_post_id_b7e609e3_fk_post_post_id; Type: FK CONSTRAINT; Schema: public; Owner: postgres
--

ALTER TABLE ONLY public.post_likes
    ADD CONSTRAINT post_likes_post_id_b7e609e3_fk_post_post_id FOREIGN KEY (post_id) REFERENCES public.post_post(id) DEFERRABLE INITIALLY DEFERRED;


--
-- Name: post_likes post_likes_user_id_12e60720_fk_auth_user_id; Type: FK CONSTRAINT; Schema: public; Owner: postgres
--

ALTER TABLE ONLY public.post_likes
    ADD CONSTRAINT post_likes_user_id_12e60720_fk_auth_user_id FOREIGN KEY (user_id) REFERENCES public.auth_user(id) DEFERRABLE INITIALLY DEFERRED;


--
-- Name: post_post_tags post_post_tags_post_id_6adf1c1b_fk_post_post_id; Type: FK CONSTRAINT; Schema: public; Owner: postgres
--

ALTER TABLE ONLY public.post_post_tags
    ADD CONSTRAINT post_post_tags_post_id_6adf1c1b_fk_post_post_id FOREIGN KEY (post_id) REFERENCES public.post_post(id) DEFERRABLE INITIALLY DEFERRED;


--
-- Name: post_post_tags post_post_tags_tag_id_cb551e85_fk; Type: FK CONSTRAINT; Schema: public; Owner: postgres
--

ALTER TABLE ONLY public.post_post_tags
    ADD CONSTRAINT post_post_tags_tag_id_cb551e85_fk FOREIGN KEY (tag_id) REFERENCES public.post_tag(id) DEFERRABLE INITIALLY DEFERRED;


--
-- Name: post_post post_post_user_id_b9c97aef_fk_auth_user_id; Type: FK CONSTRAINT; Schema: public; Owner: postgres
--

ALTER TABLE ONLY public.post_post
    ADD CONSTRAINT post_post_user_id_b9c97aef_fk_auth_user_id FOREIGN KEY (user_id) REFERENCES public.auth_user(id) DEFERRABLE INITIALLY DEFERRED;


--
-- Name: post_stream post_stream_following_id_1fc48816_fk_auth_user_id; Type: FK CONSTRAINT; Schema: public; Owner: postgres
--

ALTER TABLE ONLY public.post_stream
    ADD CONSTRAINT post_stream_following_id_1fc48816_fk_auth_user_id FOREIGN KEY (following_id) REFERENCES public.auth_user(id) DEFERRABLE INITIALLY DEFERRED;


--
-- Name: post_stream post_stream_post_id_207bb8c1_fk_post_post_id; Type: FK CONSTRAINT; Schema: public; Owner: postgres
--

ALTER TABLE ONLY public.post_stream
    ADD CONSTRAINT post_stream_post_id_207bb8c1_fk_post_post_id FOREIGN KEY (post_id) REFERENCES public.post_post(id) DEFERRABLE INITIALLY DEFERRED;


--
-- Name: post_stream post_stream_user_id_330aec76_fk_auth_user_id; Type: FK CONSTRAINT; Schema: public; Owner: postgres
--

ALTER TABLE ONLY public.post_stream
    ADD CONSTRAINT post_stream_user_id_330aec76_fk_auth_user_id FOREIGN KEY (user_id) REFERENCES public.auth_user(id) DEFERRABLE INITIALLY DEFERRED;


--
-- PostgreSQL database dump complete
--

