PRAGMA foreign_keys=OFF;
BEGIN TRANSACTION;
CREATE TABLE IF NOT EXISTS "django_migrations" ("id" integer NOT NULL PRIMARY KEY AUTOINCREMENT, "app" varchar(255) NOT NULL, "name" varchar(255) NOT NULL, "applied" datetime NOT NULL);
INSERT INTO django_migrations VALUES(1,'contenttypes','0001_initial','2022-01-01 01:02:09.147989');
INSERT INTO django_migrations VALUES(2,'auth','0001_initial','2022-01-01 01:02:09.257937');
INSERT INTO django_migrations VALUES(3,'admin','0001_initial','2022-01-01 01:02:09.448191');
INSERT INTO django_migrations VALUES(4,'admin','0002_logentry_remove_auto_add','2022-01-01 01:02:09.563187');
INSERT INTO django_migrations VALUES(5,'admin','0003_logentry_add_action_flag_choices','2022-01-01 01:02:09.709294');
INSERT INTO django_migrations VALUES(6,'contenttypes','0002_remove_content_type_name','2022-01-01 01:02:09.910538');
INSERT INTO django_migrations VALUES(7,'auth','0002_alter_permission_name_max_length','2022-01-01 01:02:10.079343');
INSERT INTO django_migrations VALUES(8,'auth','0003_alter_user_email_max_length','2022-01-01 01:02:10.253519');
INSERT INTO django_migrations VALUES(9,'auth','0004_alter_user_username_opts','2022-01-01 01:02:10.443204');
INSERT INTO django_migrations VALUES(10,'auth','0005_alter_user_last_login_null','2022-01-01 01:02:10.560967');
INSERT INTO django_migrations VALUES(11,'auth','0006_require_contenttypes_0002','2022-01-01 01:02:10.663874');
INSERT INTO django_migrations VALUES(12,'auth','0007_alter_validators_add_error_messages','2022-01-01 01:02:10.796747');
INSERT INTO django_migrations VALUES(13,'auth','0008_alter_user_username_max_length','2022-01-01 01:02:10.919634');
INSERT INTO django_migrations VALUES(14,'auth','0009_alter_user_last_name_max_length','2022-01-01 01:02:11.032527');
INSERT INTO django_migrations VALUES(15,'auth','0010_alter_group_name_max_length','2022-01-01 01:02:11.153415');
INSERT INTO django_migrations VALUES(16,'auth','0011_update_proxy_permissions','2022-01-01 01:02:11.281296');
INSERT INTO django_migrations VALUES(17,'auth','0012_alter_user_first_name_max_length','2022-01-01 01:02:11.381742');
INSERT INTO django_migrations VALUES(18,'authusers','0001_initial','2022-01-01 01:02:11.547627');
INSERT INTO django_migrations VALUES(19,'sessions','0001_initial','2022-01-01 01:02:11.674093');
INSERT INTO django_migrations VALUES(20,'post','0001_initial','2022-01-01 01:08:37.413514');
INSERT INTO django_migrations VALUES(21,'post','0002_auto_20220101_0216','2022-01-01 01:16:05.655855');
INSERT INTO django_migrations VALUES(22,'post','0003_auto_20220101_0217','2022-01-01 01:17:21.916858');
INSERT INTO django_migrations VALUES(23,'post','0004_auto_20220208_1223','2022-02-08 11:24:02.591998');
INSERT INTO django_migrations VALUES(24,'post','0005_auto_20220208_1234','2022-02-08 11:34:25.882446');
INSERT INTO django_migrations VALUES(25,'authy','0001_initial','2022-02-08 12:06:27.833690');
INSERT INTO django_migrations VALUES(26,'authy','0002_auto_20220208_1307','2022-02-08 12:07:35.977140');
INSERT INTO django_migrations VALUES(27,'authy','0003_auto_20220208_1308','2022-02-08 12:08:26.077125');
INSERT INTO django_migrations VALUES(28,'authy','0004_auto_20220211_1648','2022-02-11 15:48:47.154667');
INSERT INTO django_migrations VALUES(29,'authy','0005_profile_image','2022-02-11 15:50:38.215694');
INSERT INTO django_migrations VALUES(30,'authy','0006_auto_20220211_1935','2022-02-11 18:35:39.731739');
INSERT INTO django_migrations VALUES(31,'comment','0001_initial','2022-02-11 20:36:24.300768');
INSERT INTO django_migrations VALUES(32,'comment','0002_auto_20220211_2140','2022-02-11 20:41:00.368295');
INSERT INTO django_migrations VALUES(33,'directs','0001_initial','2022-02-12 16:15:46.415273');
INSERT INTO django_migrations VALUES(34,'directs','0002_auto_20220212_1935','2022-02-12 18:35:57.794660');
INSERT INTO django_migrations VALUES(35,'directs','0003_auto_20220213_2344','2022-02-13 22:44:53.947172');
INSERT INTO django_migrations VALUES(36,'notification','0001_initial','2022-02-13 22:44:54.116402');
INSERT INTO django_migrations VALUES(37,'notification','0002_auto_20220214_1144','2022-02-14 10:44:05.396967');
INSERT INTO django_migrations VALUES(38,'notification','0003_auto_20220214_1319','2022-02-14 12:19:09.021223');
INSERT INTO django_migrations VALUES(39,'authy','0007_alter_profile_image','2023-05-13 16:25:12.604723');
CREATE TABLE IF NOT EXISTS "auth_group_permissions" ("id" integer NOT NULL PRIMARY KEY AUTOINCREMENT, "group_id" integer NOT NULL REFERENCES "auth_group" ("id") DEFERRABLE INITIALLY DEFERRED, "permission_id" integer NOT NULL REFERENCES "auth_permission" ("id") DEFERRABLE INITIALLY DEFERRED);
CREATE TABLE IF NOT EXISTS "auth_user_groups" ("id" integer NOT NULL PRIMARY KEY AUTOINCREMENT, "user_id" integer NOT NULL REFERENCES "auth_user" ("id") DEFERRABLE INITIALLY DEFERRED, "group_id" integer NOT NULL REFERENCES "auth_group" ("id") DEFERRABLE INITIALLY DEFERRED);
CREATE TABLE IF NOT EXISTS "auth_user_user_permissions" ("id" integer NOT NULL PRIMARY KEY AUTOINCREMENT, "user_id" integer NOT NULL REFERENCES "auth_user" ("id") DEFERRABLE INITIALLY DEFERRED, "permission_id" integer NOT NULL REFERENCES "auth_permission" ("id") DEFERRABLE INITIALLY DEFERRED);
CREATE TABLE IF NOT EXISTS "django_admin_log" ("id" integer NOT NULL PRIMARY KEY AUTOINCREMENT, "action_time" datetime NOT NULL, "object_id" text NULL, "object_repr" varchar(200) NOT NULL, "change_message" text NOT NULL, "content_type_id" integer NULL REFERENCES "django_content_type" ("id") DEFERRABLE INITIALLY DEFERRED, "user_id" integer NOT NULL REFERENCES "auth_user" ("id") DEFERRABLE INITIALLY DEFERRED, "action_flag" smallint unsigned NOT NULL CHECK ("action_flag" >= 0));
INSERT INTO django_admin_log VALUES(1,'2022-01-01 01:05:30.398757','2','john','[{"added": {}}]',4,1,1);
INSERT INTO django_admin_log VALUES(2,'2022-01-01 01:06:16.893421','2','regan','[{"changed": {"fields": ["Username", "First name", "Last name", "Email address", "Last login", "Date joined"]}}]',4,1,2);
INSERT INTO django_admin_log VALUES(3,'2022-01-01 01:06:26.191985','1','desphixs@gmail.com','[{"changed": {"fields": ["Username", "First name", "Last name"]}}]',4,1,2);
INSERT INTO django_admin_log VALUES(4,'2022-01-01 01:06:37.798520','1','destiny','[{"changed": {"fields": ["Username"]}}]',4,1,2);
INSERT INTO django_admin_log VALUES(5,'2022-01-01 01:06:52.925917','3','karen','[{"added": {}}]',4,1,1);
INSERT INTO django_admin_log VALUES(6,'2022-01-01 01:07:11.859762','3','karen','[{"changed": {"fields": ["First name", "Last name", "Email address", "Last login", "Date joined"]}}]',4,1,2);
INSERT INTO django_admin_log VALUES(7,'2022-01-01 01:07:24.175396','4','prince','[{"added": {}}]',4,1,1);
INSERT INTO django_admin_log VALUES(8,'2022-01-01 01:07:40.083475','4','prince','[{"changed": {"fields": ["First name", "Last name", "Email address", "Active", "Staff status", "Superuser status", "Last login", "Date joined"]}}]',4,1,2);
INSERT INTO django_admin_log VALUES(9,'2022-01-01 01:08:59.715459','1','Follow object (1)','[{"added": {}}]',21,1,1);
INSERT INTO django_admin_log VALUES(10,'2022-01-01 01:09:10.696438','2','Follow object (2)','[{"added": {}}]',21,1,1);
INSERT INTO django_admin_log VALUES(11,'2022-01-01 01:09:16.240803','3','Follow object (3)','[{"added": {}}]',21,1,1);
INSERT INTO django_admin_log VALUES(12,'2022-01-01 01:10:33.210893','1','ui&ux','[{"added": {}}]',20,1,1);
INSERT INTO django_admin_log VALUES(13,'2022-01-01 01:10:39.065386','2','design','[{"added": {}}]',20,1,1);
INSERT INTO django_admin_log VALUES(14,'2022-01-01 01:10:43.871003','3','photoshop','[{"added": {}}]',20,1,1);
INSERT INTO django_admin_log VALUES(15,'2022-01-01 01:32:00.557831','2b0687fc-18bb-4052-8a74-009932e8479f','Post object (2b0687fc-18bb-4052-8a74-009932e8479f)','[{"added": {}}]',23,1,1);
INSERT INTO django_admin_log VALUES(16,'2022-01-01 01:32:46.792088','6b0b575e-d89a-46d6-9bc7-ba22f5e47b82','2022-01-01','[{"added": {}}]',23,1,1);
INSERT INTO django_admin_log VALUES(17,'2022-01-01 01:33:34.881622','6b0b575e-d89a-46d6-9bc7-ba22f5e47b82','Amazing Pic','[{"changed": {"fields": ["Caption"]}}]',23,1,2);
INSERT INTO django_admin_log VALUES(18,'2022-01-01 01:34:08.677182','1','Follow object (1)','',21,1,3);
INSERT INTO django_admin_log VALUES(19,'2022-01-01 01:35:20.582285','4','Follow object (4)','[{"added": {}}]',21,1,1);
INSERT INTO django_admin_log VALUES(20,'2022-01-01 01:35:47.056427','3b0e367f-e284-459c-abc9-d2d0704ebeff','In quibusdam','[{"added": {}}]',23,1,1);
INSERT INTO django_admin_log VALUES(21,'2022-02-07 19:29:33.673310','3b0e367f-e284-459c-abc9-d2d0704ebeff','In quibusdamIn quibusdamIn quibusdamIn quibusdamIn quibusdam','[{"changed": {"fields": ["Caption"]}}]',23,1,2);
INSERT INTO django_admin_log VALUES(22,'2022-02-07 19:48:47.071438','4','prince','[{"changed": {"fields": ["Active"]}}]',4,1,2);
INSERT INTO django_admin_log VALUES(23,'2022-02-07 19:48:54.290154','3','karen','[{"changed": {"fields": ["Staff status", "Superuser status"]}}]',4,1,2);
INSERT INTO django_admin_log VALUES(24,'2022-02-07 19:50:01.972923','5','Follow object (5)','[{"added": {}}]',21,3,1);
INSERT INTO django_admin_log VALUES(25,'2022-02-07 19:50:24.073272','6','Follow object (6)','[{"added": {}}]',21,3,1);
INSERT INTO django_admin_log VALUES(26,'2022-02-08 11:28:08.176187','518c246b-4902-40fa-8b0e-2e2612b4f245','hi','[{"changed": {"fields": ["Like"]}}]',23,1,2);
INSERT INTO django_admin_log VALUES(27,'2022-02-08 11:50:59.292200','1','destiny - Profile','[{"added": {}}]',17,1,1);
INSERT INTO django_admin_log VALUES(28,'2022-02-08 12:08:38.687097','1','Profile object (1)','[{"added": {}}]',25,1,1);
INSERT INTO django_admin_log VALUES(29,'2022-02-10 13:42:05.363329','5','bityho','[{"added": {}}]',4,1,1);
INSERT INTO django_admin_log VALUES(30,'2022-02-10 13:42:41.011885','2','bityho - Profile','[{"added": {}}]',25,1,1);
INSERT INTO django_admin_log VALUES(31,'2022-02-10 13:43:12.822504','16','hello, come, go','[{"added": {}}]',20,1,1);
INSERT INTO django_admin_log VALUES(32,'2022-02-10 13:43:24.772054','50fdfaa8-0a66-4407-8944-6227da633bfc','New post from me','[{"added": {}}]',23,1,1);
INSERT INTO django_admin_log VALUES(33,'2022-02-10 13:43:45.367188','3b2194ed-0a42-4209-9bca-c1df8958c31b','Accusamus l','[{"added": {}}]',23,1,1);
INSERT INTO django_admin_log VALUES(34,'2022-02-10 13:44:15.422193','6789b736-2431-45ed-820d-9761fbeaffec','In sunt dignissimos a pariatur Odio harum','[{"added": {}}]',23,1,1);
INSERT INTO django_admin_log VALUES(35,'2022-02-10 13:44:31.086870','48d1d750-9fd7-4c64-b4a2-885e6c5b4971','Velit nostrud vitae tempore cupiditate non elit rerum ipsam in repellendus Temporibus libero duis sapiente qui ad nulla iusto','[{"added": {}}]',23,1,1);
INSERT INTO django_admin_log VALUES(36,'2022-02-10 14:03:34.705403','7','Follow object (7)','[{"added": {}}]',21,1,1);
INSERT INTO django_admin_log VALUES(37,'2022-02-11 15:49:25.662068','1','destiny - Profile','[{"changed": {"fields": ["First name", "Last name", "Bio", "Location", "Url"]}}]',25,1,2);
INSERT INTO django_admin_log VALUES(38,'2022-02-11 15:51:19.851670','2','bityho - Profile','[{"changed": {"fields": ["Image", "First name", "Last name", "Bio", "Location", "Url", "Favourite"]}}]',25,1,2);
INSERT INTO django_admin_log VALUES(39,'2022-02-11 15:56:03.778911','1','destiny - Profile','[{"changed": {"fields": ["Image"]}}]',25,1,2);
INSERT INTO django_admin_log VALUES(40,'2022-02-11 20:47:30.490203','3','karen - Profile','[{"changed": {"fields": ["Image", "First name", "Last name", "Bio", "Location", "Url", "Favourite"]}}]',25,3,2);
INSERT INTO django_admin_log VALUES(41,'2022-02-12 16:17:18.645496','1','Message object (1)','[{"added": {}}]',27,3,1);
INSERT INTO django_admin_log VALUES(42,'2022-02-12 16:20:09.587582','2','Message object (2)','[{"added": {}}]',27,3,1);
INSERT INTO django_admin_log VALUES(43,'2022-02-12 16:23:30.905772','3','Message object (3)','[{"added": {}}]',27,1,1);
INSERT INTO django_admin_log VALUES(44,'2022-02-12 16:23:49.841008','4','Message object (4)','[{"added": {}}]',27,1,1);
INSERT INTO django_admin_log VALUES(45,'2022-02-12 16:29:11.878318','5','Message object (5)','[{"added": {}}]',27,1,1);
INSERT INTO django_admin_log VALUES(46,'2022-02-12 16:33:20.460304','1','Message object (1)','[]',27,1,2);
INSERT INTO django_admin_log VALUES(47,'2022-02-12 16:33:30.321098','6','Message object (6)','[{"added": {}}]',27,1,1);
INSERT INTO django_admin_log VALUES(48,'2022-02-12 16:33:44.569617','6','Message object (6)','[{"changed": {"fields": ["Recipient"]}}]',27,1,2);
INSERT INTO django_admin_log VALUES(49,'2022-02-12 16:35:42.335800','7','Message object (7)','[{"added": {}}]',27,1,1);
INSERT INTO django_admin_log VALUES(50,'2022-02-12 16:35:53.787853','8','Message object (8)','[{"added": {}}]',27,1,1);
INSERT INTO django_admin_log VALUES(51,'2022-02-12 16:36:04.114824','8','Message object (8)','[{"changed": {"fields": ["Recipient"]}}]',27,1,2);
INSERT INTO django_admin_log VALUES(52,'2022-02-12 16:39:19.717886','9','Message object (9)','[{"added": {}}]',27,1,1);
INSERT INTO django_admin_log VALUES(53,'2022-02-12 16:39:30.384181','9','Message object (9)','[{"changed": {"fields": ["Recipient"]}}]',27,1,2);
INSERT INTO django_admin_log VALUES(54,'2022-02-12 16:39:40.487354','9','Message object (9)','[{"changed": {"fields": ["User", "Recipient"]}}]',27,1,2);
INSERT INTO django_admin_log VALUES(55,'2022-02-12 16:40:28.806654','10','Message object (10)','[{"added": {}}]',27,1,1);
INSERT INTO django_admin_log VALUES(56,'2022-02-12 16:40:59.824557','10','Message object (10)','[{"changed": {"fields": ["User", "Recipient"]}}]',27,1,2);
INSERT INTO django_admin_log VALUES(57,'2022-02-12 16:41:28.729593','11','Message object (11)','[{"added": {}}]',27,3,1);
INSERT INTO django_admin_log VALUES(58,'2022-02-12 16:41:47.473028','11','Message object (11)','[{"changed": {"fields": ["Recipient"]}}]',27,3,2);
INSERT INTO django_admin_log VALUES(59,'2022-02-12 16:42:02.472899','11','Message object (11)','[]',27,3,2);
INSERT INTO django_admin_log VALUES(60,'2022-02-12 16:42:11.119493','12','Message object (12)','[{"added": {}}]',27,3,1);
INSERT INTO django_admin_log VALUES(61,'2022-02-12 16:42:21.997744','13','Message object (13)','[{"added": {}}]',27,3,1);
INSERT INTO django_admin_log VALUES(63,'2022-02-12 16:43:50.470881','14','Message object (14)','[{"changed": {"fields": ["User"]}}]',27,3,2);
INSERT INTO django_admin_log VALUES(64,'2022-02-12 16:45:00.407298','15','Message object (15)','[{"added": {}}]',27,3,1);
INSERT INTO django_admin_log VALUES(65,'2022-02-12 16:45:41.565654','15','Message object (15)','[{"changed": {"fields": ["User"]}}]',27,3,2);
INSERT INTO django_admin_log VALUES(66,'2022-02-12 16:46:06.870419','5','bityho','[{"changed": {"fields": ["Staff status", "Superuser status"]}}]',4,3,2);
INSERT INTO django_admin_log VALUES(89,'2022-02-12 16:55:17.136372','17','Message object (17)','',27,1,3);
INSERT INTO django_admin_log VALUES(90,'2022-02-12 16:55:17.339181','3','Message object (3)','',27,1,3);
INSERT INTO django_admin_log VALUES(91,'2022-02-12 16:55:17.488208','2','Message object (2)','',27,1,3);
INSERT INTO django_admin_log VALUES(92,'2022-02-12 16:56:00.182981','18','Message object (18)','[{"added": {}}]',27,1,1);
INSERT INTO django_admin_log VALUES(94,'2022-02-14 12:35:20.662493','10','','',28,1,3);
INSERT INTO django_admin_log VALUES(95,'2022-02-14 12:35:20.840576','9','','',28,1,3);
INSERT INTO django_admin_log VALUES(96,'2022-02-14 12:35:20.990595','8','ji','',28,1,3);
INSERT INTO django_admin_log VALUES(97,'2022-02-14 12:35:21.151447','7','','',28,1,3);
INSERT INTO django_admin_log VALUES(98,'2022-02-14 12:35:21.295082','6','','',28,1,3);
INSERT INTO django_admin_log VALUES(99,'2022-02-14 12:35:21.394443','5','','',28,1,3);
INSERT INTO django_admin_log VALUES(100,'2022-02-14 12:35:21.551592','4','','',28,1,3);
INSERT INTO django_admin_log VALUES(101,'2022-02-14 12:35:21.636039','3','','',28,1,3);
INSERT INTO django_admin_log VALUES(102,'2022-02-14 12:35:21.728909','2','','',28,1,3);
INSERT INTO django_admin_log VALUES(103,'2022-02-14 12:35:21.874276','1','','',28,1,3);
INSERT INTO django_admin_log VALUES(104,'2022-02-14 12:36:36.046345','12','Nice','[{"added": {}}]',28,3,1);
INSERT INTO django_admin_log VALUES(105,'2022-04-07 14:10:47.216775','5','bityho','',4,1,3);
INSERT INTO django_admin_log VALUES(106,'2022-04-07 14:10:47.318684','9','bupudo','',4,1,3);
INSERT INTO django_admin_log VALUES(107,'2022-04-07 14:10:47.424584','10','gobegalu','',4,1,3);
INSERT INTO django_admin_log VALUES(108,'2022-04-07 14:10:47.602416','8','guxirypan','',4,1,3);
INSERT INTO django_admin_log VALUES(109,'2022-04-07 14:10:47.701697','7','hopugoc','',4,1,3);
INSERT INTO django_admin_log VALUES(110,'2022-04-07 14:10:47.768634','4','prince','',4,1,3);
INSERT INTO django_admin_log VALUES(111,'2022-04-07 14:10:47.835573','2','regan','',4,1,3);
INSERT INTO django_admin_log VALUES(112,'2022-04-07 14:10:47.914500','6','wuhaper','',4,1,3);
INSERT INTO django_admin_log VALUES(113,'2022-04-07 14:10:48.073739','11','zywefisa','',4,1,3);
INSERT INTO django_admin_log VALUES(114,'2023-05-06 09:09:10.637373','15','keulen_n','[{"changed": {"fields": ["Username", "First name", "Last name", "Email address"]}}]',4,24,2);
INSERT INTO django_admin_log VALUES(115,'2023-05-06 09:10:16.662535','14','assquire','[{"changed": {"fields": ["Username", "First name", "Last name", "Email address"]}}]',4,24,2);
INSERT INTO django_admin_log VALUES(116,'2023-05-06 09:11:33.084072','1','zhumagazzina_a','[{"changed": {"fields": ["Username", "First name", "Last name", "Email address"]}}]',4,24,2);
INSERT INTO django_admin_log VALUES(117,'2023-05-06 09:12:16.357987','16','whk_cd','[{"changed": {"fields": ["Username", "First name", "Last name", "Email address"]}}]',4,24,2);
INSERT INTO django_admin_log VALUES(118,'2023-05-06 09:13:03.087998','3','m_biko','[{"changed": {"fields": ["Username", "First name", "Last name", "Email address"]}}]',4,24,2);
INSERT INTO django_admin_log VALUES(119,'2023-05-06 09:13:49.259190','13','caprideca','[{"changed": {"fields": ["Username", "First name", "Last name", "Email address"]}}]',4,24,2);
INSERT INTO django_admin_log VALUES(120,'2023-05-06 09:14:28.827585','17','pinkie_pie','[{"changed": {"fields": ["Username", "First name", "Last name", "Email address"]}}]',4,24,2);
INSERT INTO django_admin_log VALUES(121,'2023-05-06 09:15:02.859320','18','White_f0x','[{"changed": {"fields": ["Username", "First name", "Last name"]}}]',4,24,2);
INSERT INTO django_admin_log VALUES(122,'2023-05-06 09:15:36.326232','12','yerlanbek','[{"changed": {"fields": ["Username", "First name", "Last name", "Email address"]}}]',4,24,2);
INSERT INTO django_admin_log VALUES(123,'2023-05-06 09:16:04.829226','19','nurstogram','[{"changed": {"fields": ["Username", "First name", "Last name", "Email address"]}}]',4,24,2);
INSERT INTO django_admin_log VALUES(124,'2023-05-06 09:20:24.557583','21','diasidas - Profile','[{"changed": {"fields": ["First name", "Last name", "Bio"]}}]',25,24,2);
INSERT INTO django_admin_log VALUES(125,'2023-05-06 09:21:05.712006','21','diasidas - Profile','[{"changed": {"fields": ["Image"]}}]',25,24,2);
INSERT INTO django_admin_log VALUES(126,'2023-05-06 09:21:40.469271','13','keulen_n - Profile','[{"changed": {"fields": ["Image", "First name", "Last name", "Bio", "Location"]}}]',25,24,2);
INSERT INTO django_admin_log VALUES(127,'2023-05-06 09:22:23.969752','3','m_biko - Profile','[{"changed": {"fields": ["Image", "First name", "Last name", "Bio", "Location"]}}]',25,24,2);
INSERT INTO django_admin_log VALUES(128,'2023-05-06 09:22:56.408893','1','zhumagazzina_a - Profile','[{"changed": {"fields": ["Image", "First name", "Last name", "Bio", "Location"]}}]',25,24,2);
INSERT INTO django_admin_log VALUES(129,'2023-05-06 09:24:41.298703','10','yerlanbek - Profile','[{"changed": {"fields": ["Image", "First name", "Last name", "Bio", "Location"]}}]',25,24,2);
INSERT INTO django_admin_log VALUES(130,'2023-05-06 09:25:39.871430','11','caprideca - Profile','[{"changed": {"fields": ["Image", "First name"]}}]',25,24,2);
INSERT INTO django_admin_log VALUES(131,'2023-05-06 09:25:59.890049','12','assquire - Profile','[{"changed": {"fields": ["Image", "First name"]}}]',25,24,2);
INSERT INTO django_admin_log VALUES(132,'2023-05-06 09:26:20.486076','12','assquire - Profile','[{"changed": {"fields": ["Last name"]}}]',25,24,2);
INSERT INTO django_admin_log VALUES(133,'2023-05-06 09:26:53.558673','14','whk_cd - Profile','[{"changed": {"fields": ["Image", "First name", "Last name", "Bio", "Location"]}}]',25,24,2);
INSERT INTO django_admin_log VALUES(134,'2023-05-06 09:27:26.854336','15','pinkie_pie - Profile','[{"changed": {"fields": ["Image", "First name"]}}]',25,24,2);
INSERT INTO django_admin_log VALUES(135,'2023-05-06 09:27:47.354174','15','pinkie_pie - Profile','[{"changed": {"fields": ["Image", "Last name", "Bio", "Location"]}}]',25,24,2);
INSERT INTO django_admin_log VALUES(136,'2023-05-06 09:28:17.288625','16','White_f0x - Profile','[{"changed": {"fields": ["First name", "Last name", "Bio", "Location"]}}]',25,24,2);
INSERT INTO django_admin_log VALUES(137,'2023-05-06 09:31:39.371292','21','dias','',4,24,3);
INSERT INTO django_admin_log VALUES(138,'2023-05-06 09:31:39.382879','20','diskabdualiev','',4,24,3);
INSERT INTO django_admin_log VALUES(139,'2023-05-06 09:33:27.231684','17','nurstogram - Profile','[{"changed": {"fields": ["Image", "First name", "Last name", "Bio", "Location"]}}]',25,24,2);
INSERT INTO django_admin_log VALUES(140,'2023-05-06 09:36:45.300389','21','diasidas - Profile','[]',25,24,2);
INSERT INTO django_admin_log VALUES(141,'2023-05-06 09:36:47.612826','21','diasidas - Profile','[]',25,24,2);
INSERT INTO django_admin_log VALUES(142,'2023-05-06 09:37:44.528891','13','keulen_n - Profile','[{"changed": {"fields": ["Last name"]}}]',25,24,2);
INSERT INTO django_admin_log VALUES(143,'2023-05-06 09:37:49.875599','12','assquire - Profile','[]',25,24,2);
INSERT INTO django_admin_log VALUES(144,'2023-05-06 09:37:59.304616','11','caprideca - Profile','[{"changed": {"fields": ["Last name"]}}]',25,24,2);
INSERT INTO django_admin_log VALUES(145,'2023-05-06 09:38:14.558787','10','yerlanbek - Profile','[{"changed": {"fields": ["Last name"]}}]',25,24,2);
INSERT INTO django_admin_log VALUES(146,'2023-05-06 12:45:03.459858','eebe00ae-e1ed-47fc-a47d-b270e5d57a49','Post object (eebe00ae-e1ed-47fc-a47d-b270e5d57a49)','[{"changed": {"fields": ["Picture", "Caption", "Tags", "Likes"]}}]',23,24,2);
INSERT INTO django_admin_log VALUES(147,'2023-05-06 12:47:09.065058','e31723a7-92d8-4ceb-9a03-da1767813bab','Post object (e31723a7-92d8-4ceb-9a03-da1767813bab)','[{"changed": {"fields": ["Picture", "Tags"]}}]',23,24,2);
INSERT INTO django_admin_log VALUES(148,'2023-05-06 12:48:11.563928','cf12713b-f1fd-40de-b7ce-95b5475afb7d','Post object (cf12713b-f1fd-40de-b7ce-95b5475afb7d)','[{"changed": {"fields": ["Picture", "Tags", "Likes"]}}]',23,24,2);
INSERT INTO django_admin_log VALUES(149,'2023-05-06 12:49:01.432085','ca4d252e-f582-4c16-8db5-1c85dbeb440c','Post object (ca4d252e-f582-4c16-8db5-1c85dbeb440c)','[{"changed": {"fields": ["Picture"]}}]',23,24,2);
INSERT INTO django_admin_log VALUES(150,'2023-05-06 12:50:13.645009','c91b2ef2-46d6-4f51-a49d-7120a47e0dd1','Post object (c91b2ef2-46d6-4f51-a49d-7120a47e0dd1)','[{"changed": {"fields": ["Picture"]}}]',23,24,2);
INSERT INTO django_admin_log VALUES(151,'2023-05-06 12:51:03.246184','c7282e7c-a664-4bed-b6d9-656a01cc04d5','Post object (c7282e7c-a664-4bed-b6d9-656a01cc04d5)','[{"changed": {"fields": ["Picture"]}}]',23,24,2);
INSERT INTO django_admin_log VALUES(152,'2023-05-06 12:53:16.903922','c68f9e34-a62d-485a-894e-ed8c18fdf1fa','Post object (c68f9e34-a62d-485a-894e-ed8c18fdf1fa)','[{"changed": {"fields": ["Picture"]}}]',23,24,2);
INSERT INTO django_admin_log VALUES(153,'2023-05-06 12:54:17.663138','c68f9e34-a62d-485a-894e-ed8c18fdf1fa','Post object (c68f9e34-a62d-485a-894e-ed8c18fdf1fa)','[{"changed": {"fields": ["Likes"]}}]',23,24,2);
INSERT INTO django_admin_log VALUES(154,'2023-05-06 12:54:52.830017','bb43e619-7ec8-46cf-aa55-13bfa4c65ee4','Post object (bb43e619-7ec8-46cf-aa55-13bfa4c65ee4)','[{"changed": {"fields": ["Picture"]}}]',23,24,2);
INSERT INTO django_admin_log VALUES(155,'2023-05-06 12:55:13.826543','ac4d0850-528f-484d-a2eb-3c365d66768a','Post object (ac4d0850-528f-484d-a2eb-3c365d66768a)','[{"changed": {"fields": ["Picture"]}}]',23,24,2);
INSERT INTO django_admin_log VALUES(156,'2023-05-06 12:55:51.372685','a8070c54-1516-49bb-9aca-da599a936a50','Post object (a8070c54-1516-49bb-9aca-da599a936a50)','[{"changed": {"fields": ["Picture"]}}]',23,24,2);
INSERT INTO django_admin_log VALUES(157,'2023-05-06 12:57:02.997774','a3051b2d-adc9-45c2-9654-302f86d91aac','Post object (a3051b2d-adc9-45c2-9654-302f86d91aac)','[{"changed": {"fields": ["Picture"]}}]',23,24,2);
INSERT INTO django_admin_log VALUES(158,'2023-05-06 12:59:22.016669','a07406a1-1d85-4ad8-823b-74b1fda71023','Post object (a07406a1-1d85-4ad8-823b-74b1fda71023)','[{"changed": {"fields": ["Picture"]}}]',23,24,2);
INSERT INTO django_admin_log VALUES(159,'2023-05-06 13:00:11.856363','8d70b53a-6577-4664-886d-865e4fd1bf23','Post object (8d70b53a-6577-4664-886d-865e4fd1bf23)','[{"changed": {"fields": ["Picture"]}}]',23,24,2);
INSERT INTO django_admin_log VALUES(160,'2023-05-06 13:00:36.498512','7ea81603-0e16-4c03-8493-5aa09a23987c','Post object (7ea81603-0e16-4c03-8493-5aa09a23987c)','[{"changed": {"fields": ["Picture"]}}]',23,24,2);
INSERT INTO django_admin_log VALUES(161,'2023-05-06 13:01:44.695306','74c3b968-b99b-48a6-a113-620e33f66854','Post object (74c3b968-b99b-48a6-a113-620e33f66854)','[{"changed": {"fields": ["Picture"]}}]',23,24,2);
INSERT INTO django_admin_log VALUES(162,'2023-05-06 13:02:33.548751','6b0b575e-d89a-46d6-9bc7-ba22f5e47b82','Post object (6b0b575e-d89a-46d6-9bc7-ba22f5e47b82)','[{"changed": {"fields": ["Picture"]}}]',23,24,2);
INSERT INTO django_admin_log VALUES(163,'2023-05-06 13:04:28.488519','6a3e2431-9a68-4d26-a762-733fe40d8402','Post object (6a3e2431-9a68-4d26-a762-733fe40d8402)','[{"changed": {"fields": ["Picture"]}}]',23,24,2);
INSERT INTO django_admin_log VALUES(164,'2023-05-06 13:05:29.785616','6735255e-e20a-4d55-a707-a88881073bf4','Post object (6735255e-e20a-4d55-a707-a88881073bf4)','[{"changed": {"fields": ["Picture"]}}]',23,24,2);
INSERT INTO django_admin_log VALUES(165,'2023-05-06 13:05:51.984068','6716d27a-4279-497f-aa4a-5e26ed76d309','Post object (6716d27a-4279-497f-aa4a-5e26ed76d309)','[{"changed": {"fields": ["Picture"]}}]',23,24,2);
INSERT INTO django_admin_log VALUES(166,'2023-05-06 13:07:30.295557','4b8af694-cb0a-4154-80d4-5a47ec093830','Post object (4b8af694-cb0a-4154-80d4-5a47ec093830)','[{"changed": {"fields": ["Picture"]}}]',23,24,2);
INSERT INTO django_admin_log VALUES(167,'2023-05-06 13:08:34.493608','475c464f-a8d1-4031-939e-c4bb9fa1e167','Post object (475c464f-a8d1-4031-939e-c4bb9fa1e167)','[{"changed": {"fields": ["Picture"]}}]',23,24,2);
INSERT INTO django_admin_log VALUES(168,'2023-05-06 13:09:55.081288','3b495cd7-d8d4-4fb5-a124-ff2500c5437a','Post object (3b495cd7-d8d4-4fb5-a124-ff2500c5437a)','[{"changed": {"fields": ["Picture"]}}]',23,24,2);
INSERT INTO django_admin_log VALUES(169,'2023-05-06 13:11:02.381448','32e19de4-c8df-4a00-b817-7b7b3effafdd','Post object (32e19de4-c8df-4a00-b817-7b7b3effafdd)','[{"changed": {"fields": ["Picture"]}}]',23,24,2);
INSERT INTO django_admin_log VALUES(170,'2023-05-06 13:12:19.459496','306e742e-8f12-44f5-b729-496d34506b7c','Post object (306e742e-8f12-44f5-b729-496d34506b7c)','[{"changed": {"fields": ["Picture"]}}]',23,24,2);
INSERT INTO django_admin_log VALUES(171,'2023-05-06 13:13:23.436626','2b0687fc-18bb-4052-8a74-009932e8479f','Post object (2b0687fc-18bb-4052-8a74-009932e8479f)','[{"changed": {"fields": ["Picture"]}}]',23,24,2);
INSERT INTO django_admin_log VALUES(172,'2023-05-06 13:14:10.109025','16c86a2f-8d89-4062-bfb1-460ff5b12444','Post object (16c86a2f-8d89-4062-bfb1-460ff5b12444)','[{"changed": {"fields": ["Picture", "Likes"]}}]',23,24,2);
INSERT INTO django_admin_log VALUES(173,'2023-05-06 13:16:04.789917','0a6e0346-6a5f-4848-a1c7-d979df1cc40c','Post object (0a6e0346-6a5f-4848-a1c7-d979df1cc40c)','[{"changed": {"fields": ["Picture"]}}]',23,24,2);
INSERT INTO django_admin_log VALUES(174,'2023-05-06 13:17:26.646796','093638e2-5cad-41f5-b907-fc646d53a961','Post object (093638e2-5cad-41f5-b907-fc646d53a961)','[{"changed": {"fields": ["Picture"]}}]',23,24,2);
INSERT INTO django_admin_log VALUES(175,'2023-05-06 13:28:25.626677','16','whk_cd','[{"changed": {"fields": ["password"]}}]',4,24,2);
INSERT INTO django_admin_log VALUES(176,'2023-05-06 13:35:42.774846','18','White_f0x','[{"changed": {"fields": ["password"]}}]',4,24,2);
INSERT INTO django_admin_log VALUES(177,'2023-05-06 13:36:09.306854','14','assquire','[{"changed": {"fields": ["password"]}}]',4,24,2);
INSERT INTO django_admin_log VALUES(178,'2023-05-06 13:36:32.723005','13','caprideca','[{"changed": {"fields": ["password"]}}]',4,24,2);
INSERT INTO django_admin_log VALUES(179,'2023-05-06 13:37:01.691986','23','diasidas','[{"changed": {"fields": ["password"]}}]',4,24,2);
INSERT INTO django_admin_log VALUES(180,'2023-05-06 13:37:22.360942','15','keulen_n','[{"changed": {"fields": ["password"]}}]',4,24,2);
INSERT INTO django_admin_log VALUES(181,'2023-05-06 13:37:45.871831','3','m_biko','[{"changed": {"fields": ["password"]}}]',4,24,2);
INSERT INTO django_admin_log VALUES(182,'2023-05-06 13:38:09.724408','19','nurstogram','[{"changed": {"fields": ["password"]}}]',4,24,2);
INSERT INTO django_admin_log VALUES(183,'2023-05-06 13:38:29.491035','17','pinkie_pie','[{"changed": {"fields": ["password"]}}]',4,24,2);
INSERT INTO django_admin_log VALUES(184,'2023-05-06 13:38:51.946115','12','yerlanbek','[{"changed": {"fields": ["password"]}}]',4,24,2);
INSERT INTO django_admin_log VALUES(185,'2023-05-06 13:39:11.680484','1','zhumagazzina_a','[{"changed": {"fields": ["password"]}}]',4,24,2);
INSERT INTO django_admin_log VALUES(186,'2023-05-13 17:53:58.082021','17','nurstogram - Profile','[{"changed": {"fields": ["Bio", "Url"]}}]',25,24,2);
INSERT INTO django_admin_log VALUES(187,'2023-05-13 17:54:09.118454','16','White_f0x - Profile','[{"changed": {"fields": ["Url"]}}]',25,24,2);
INSERT INTO django_admin_log VALUES(188,'2023-05-13 17:56:56.398096','15','pinkie_pie - Profile','[{"changed": {"fields": ["Bio", "Url"]}}]',25,24,2);
INSERT INTO django_admin_log VALUES(189,'2023-05-13 17:57:34.029595','14','whk_cd - Profile','[{"changed": {"fields": ["Bio", "Url"]}}]',25,24,2);
INSERT INTO django_admin_log VALUES(190,'2023-05-13 17:58:27.285884','13','keulen_n - Profile','[{"changed": {"fields": ["Bio", "Url"]}}]',25,24,2);
INSERT INTO django_admin_log VALUES(191,'2023-05-13 17:59:06.132136','12','assquire - Profile','[{"changed": {"fields": ["Bio", "Location", "Url"]}}]',25,24,2);
INSERT INTO django_admin_log VALUES(192,'2023-05-13 18:00:45.407032','11','caprideca - Profile','[{"changed": {"fields": ["Bio", "Location"]}}]',25,24,2);
INSERT INTO django_admin_log VALUES(193,'2023-05-13 18:00:56.742850','10','yerlanbek - Profile','[{"changed": {"fields": ["Bio", "Url"]}}]',25,24,2);
INSERT INTO django_admin_log VALUES(194,'2023-05-13 18:19:31.540534','3','m_biko - Profile','[{"changed": {"fields": ["Location", "Url"]}}]',25,24,2);
INSERT INTO django_admin_log VALUES(195,'2023-05-13 18:20:32.142483','1','zhumagazzina_a - Profile','[{"changed": {"fields": ["Url"]}}]',25,24,2);
INSERT INTO django_admin_log VALUES(196,'2023-05-13 18:20:50.081803','25','Comment object (25)','',26,24,3);
INSERT INTO django_admin_log VALUES(197,'2023-05-13 18:20:50.087805','24','Comment object (24)','',26,24,3);
INSERT INTO django_admin_log VALUES(198,'2023-05-13 18:20:50.097347','23','Comment object (23)','',26,24,3);
INSERT INTO django_admin_log VALUES(199,'2023-05-13 18:20:50.102885','22','Comment object (22)','',26,24,3);
INSERT INTO django_admin_log VALUES(200,'2023-05-13 18:20:50.108887','21','Comment object (21)','',26,24,3);
INSERT INTO django_admin_log VALUES(201,'2023-05-13 18:20:50.121431','20','Comment object (20)','',26,24,3);
INSERT INTO django_admin_log VALUES(202,'2023-05-13 18:20:50.127944','19','Comment object (19)','',26,24,3);
INSERT INTO django_admin_log VALUES(203,'2023-05-13 18:20:50.132944','18','Comment object (18)','',26,24,3);
INSERT INTO django_admin_log VALUES(204,'2023-05-13 18:20:50.138461','17','Comment object (17)','',26,24,3);
INSERT INTO django_admin_log VALUES(205,'2023-05-13 18:20:50.144462','16','Comment object (16)','',26,24,3);
INSERT INTO django_admin_log VALUES(206,'2023-05-13 18:20:50.149980','15','Comment object (15)','',26,24,3);
INSERT INTO django_admin_log VALUES(207,'2023-05-13 18:20:50.158054','14','Comment object (14)','',26,24,3);
INSERT INTO django_admin_log VALUES(208,'2023-05-13 18:20:50.168572','13','Comment object (13)','',26,24,3);
INSERT INTO django_admin_log VALUES(209,'2023-05-13 18:20:50.173572','12','Comment object (12)','',26,24,3);
INSERT INTO django_admin_log VALUES(210,'2023-05-13 18:20:50.183098','11','Comment object (11)','',26,24,3);
INSERT INTO django_admin_log VALUES(211,'2023-05-13 18:20:50.188612','10','Comment object (10)','',26,24,3);
INSERT INTO django_admin_log VALUES(212,'2023-05-13 18:20:50.193616','8','Comment object (8)','',26,24,3);
INSERT INTO django_admin_log VALUES(213,'2023-05-13 18:20:50.201159','7','Comment object (7)','',26,24,3);
INSERT INTO django_admin_log VALUES(214,'2023-05-13 18:20:50.207160','6','Comment object (6)','',26,24,3);
INSERT INTO django_admin_log VALUES(215,'2023-05-13 18:20:50.213710','5','Comment object (5)','',26,24,3);
INSERT INTO django_admin_log VALUES(216,'2023-05-13 18:20:50.219222','4','Comment object (4)','',26,24,3);
INSERT INTO django_admin_log VALUES(217,'2023-05-13 18:20:50.224251','3','Comment object (3)','',26,24,3);
INSERT INTO django_admin_log VALUES(218,'2023-05-13 18:20:50.233798','2','Comment object (2)','',26,24,3);
INSERT INTO django_admin_log VALUES(219,'2023-05-13 18:20:50.239799','1','Comment object (1)','',26,24,3);
INSERT INTO django_admin_log VALUES(220,'2023-05-13 18:21:53.357155','f7eb6795-216f-4b5b-a443-d98b44dd8dc5','Post object (f7eb6795-216f-4b5b-a443-d98b44dd8dc5)','[]',23,24,2);
INSERT INTO django_admin_log VALUES(221,'2023-05-13 18:21:59.913103','eebe00ae-e1ed-47fc-a47d-b270e5d57a49','Post object (eebe00ae-e1ed-47fc-a47d-b270e5d57a49)','[]',23,24,2);
INSERT INTO django_admin_log VALUES(222,'2023-05-13 18:29:57.285842','f7eb6795-216f-4b5b-a443-d98b44dd8dc5','Post object (f7eb6795-216f-4b5b-a443-d98b44dd8dc5)','[{"changed": {"fields": ["Tags"]}}]',23,24,2);
INSERT INTO django_admin_log VALUES(223,'2023-05-13 18:30:23.829701','69','MyBirthday','[{"added": {}}]',20,24,1);
INSERT INTO django_admin_log VALUES(224,'2023-05-13 18:31:05.364247','eebe00ae-e1ed-47fc-a47d-b270e5d57a49','Post object (eebe00ae-e1ed-47fc-a47d-b270e5d57a49)','[{"changed": {"fields": ["Tags"]}}]',23,24,2);
INSERT INTO django_admin_log VALUES(225,'2023-05-13 18:31:42.310186','70','MegaAlmaty','[{"added": {}}]',20,24,1);
INSERT INTO django_admin_log VALUES(226,'2023-05-13 18:32:18.473313','e31723a7-92d8-4ceb-9a03-da1767813bab','Post object (e31723a7-92d8-4ceb-9a03-da1767813bab)','[{"changed": {"fields": ["Caption", "Tags"]}}]',23,24,2);
INSERT INTO django_admin_log VALUES(227,'2023-05-13 18:34:21.902076','cf12713b-f1fd-40de-b7ce-95b5475afb7d','Post object (cf12713b-f1fd-40de-b7ce-95b5475afb7d)','[{"changed": {"fields": ["Caption", "Tags"]}}]',23,24,2);
INSERT INTO django_admin_log VALUES(228,'2023-05-13 18:34:52.623380','71','SDU','[{"added": {}}]',20,24,1);
INSERT INTO django_admin_log VALUES(229,'2023-05-13 18:35:36.092538','ca4d252e-f582-4c16-8db5-1c85dbeb440c','Post object (ca4d252e-f582-4c16-8db5-1c85dbeb440c)','[{"changed": {"fields": ["Caption", "Tags"]}}]',23,24,2);
INSERT INTO django_admin_log VALUES(230,'2023-05-13 18:39:01.256936','c91b2ef2-46d6-4f51-a49d-7120a47e0dd1','Post object (c91b2ef2-46d6-4f51-a49d-7120a47e0dd1)','[{"changed": {"fields": ["Caption", "Tags"]}}]',23,24,2);
INSERT INTO django_admin_log VALUES(231,'2023-05-13 18:40:03.555411','c7282e7c-a664-4bed-b6d9-656a01cc04d5','Post object (c7282e7c-a664-4bed-b6d9-656a01cc04d5)','[{"changed": {"fields": ["Caption", "Tags"]}}]',23,24,2);
INSERT INTO django_admin_log VALUES(232,'2023-05-13 18:47:07.875876','c68f9e34-a62d-485a-894e-ed8c18fdf1fa','Post object (c68f9e34-a62d-485a-894e-ed8c18fdf1fa)','[{"changed": {"fields": ["Caption", "Tags"]}}]',23,24,2);
INSERT INTO django_admin_log VALUES(233,'2023-05-13 18:48:24.980001','72','Әдемі','[{"added": {}}]',20,24,1);
INSERT INTO django_admin_log VALUES(234,'2023-05-13 18:48:41.026359','bb43e619-7ec8-46cf-aa55-13bfa4c65ee4','Post object (bb43e619-7ec8-46cf-aa55-13bfa4c65ee4)','[{"changed": {"fields": ["Caption", "Tags"]}}]',23,24,2);
INSERT INTO django_admin_log VALUES(235,'2023-05-13 18:49:00.145971','b9af8902-2e7a-4b75-9b0d-b832f9884d67','Post object (b9af8902-2e7a-4b75-9b0d-b832f9884d67)','[]',23,24,2);
INSERT INTO django_admin_log VALUES(236,'2023-05-13 18:49:51.523097','b5f1cbc0-6ae2-4149-acef-6a0c79c1a171','Post object (b5f1cbc0-6ae2-4149-acef-6a0c79c1a171)','[{"changed": {"fields": ["Tags"]}}]',23,24,2);
INSERT INTO django_admin_log VALUES(237,'2023-05-13 18:50:35.797588','ac4d0850-528f-484d-a2eb-3c365d66768a','Post object (ac4d0850-528f-484d-a2eb-3c365d66768a)','[{"changed": {"fields": ["Caption", "Tags"]}}]',23,24,2);
INSERT INTO django_admin_log VALUES(238,'2023-05-13 18:51:24.462346','a8070c54-1516-49bb-9aca-da599a936a50','Post object (a8070c54-1516-49bb-9aca-da599a936a50)','[{"changed": {"fields": ["Caption", "Tags"]}}]',23,24,2);
INSERT INTO django_admin_log VALUES(239,'2023-05-13 18:52:15.794550','a3051b2d-adc9-45c2-9654-302f86d91aac','Post object (a3051b2d-adc9-45c2-9654-302f86d91aac)','[{"changed": {"fields": ["Caption", "Tags"]}}]',23,24,2);
INSERT INTO django_admin_log VALUES(240,'2023-05-13 18:52:42.411367','73','bank','[{"added": {}}]',20,24,1);
INSERT INTO django_admin_log VALUES(241,'2023-05-13 18:53:05.643221','a07406a1-1d85-4ad8-823b-74b1fda71023','Post object (a07406a1-1d85-4ad8-823b-74b1fda71023)','[{"changed": {"fields": ["Caption", "Tags"]}}]',23,24,2);
INSERT INTO django_admin_log VALUES(242,'2023-05-13 18:54:56.179486','8d70b53a-6577-4664-886d-865e4fd1bf23','Post object (8d70b53a-6577-4664-886d-865e4fd1bf23)','[{"changed": {"fields": ["Caption", "Tags"]}}]',23,24,2);
INSERT INTO django_admin_log VALUES(243,'2023-05-13 18:58:40.651029','81a57fb8-0494-4da1-98bd-c5ec71af0d5d','Post object (81a57fb8-0494-4da1-98bd-c5ec71af0d5d)','[]',23,24,2);
INSERT INTO django_admin_log VALUES(244,'2023-05-13 18:59:34.736918','7ea81603-0e16-4c03-8493-5aa09a23987c','Post object (7ea81603-0e16-4c03-8493-5aa09a23987c)','[{"changed": {"fields": ["Caption", "Tags"]}}]',23,24,2);
INSERT INTO django_admin_log VALUES(245,'2023-05-13 19:03:20.663982','74c3b968-b99b-48a6-a113-620e33f66854','Post object (74c3b968-b99b-48a6-a113-620e33f66854)','[{"changed": {"fields": ["Caption", "Tags"]}}]',23,24,2);
INSERT INTO django_admin_log VALUES(246,'2023-05-13 19:04:17.421833','6b0b575e-d89a-46d6-9bc7-ba22f5e47b82','Post object (6b0b575e-d89a-46d6-9bc7-ba22f5e47b82)','[{"changed": {"fields": ["Caption", "Tags"]}}]',23,24,2);
INSERT INTO django_admin_log VALUES(247,'2023-05-13 19:06:32.575896','6a3e2431-9a68-4d26-a762-733fe40d8402','Post object (6a3e2431-9a68-4d26-a762-733fe40d8402)','[{"changed": {"fields": ["Caption", "Tags"]}}]',23,24,2);
INSERT INTO django_admin_log VALUES(248,'2023-05-13 19:07:11.647796','6735255e-e20a-4d55-a707-a88881073bf4','Post object (6735255e-e20a-4d55-a707-a88881073bf4)','[{"changed": {"fields": ["Caption", "Tags"]}}]',23,24,2);
INSERT INTO django_admin_log VALUES(249,'2023-05-13 19:17:58.656155','6716d27a-4279-497f-aa4a-5e26ed76d309','Post object (6716d27a-4279-497f-aa4a-5e26ed76d309)','[{"changed": {"fields": ["Caption", "Tags"]}}]',23,24,2);
INSERT INTO django_admin_log VALUES(250,'2023-05-13 19:23:21.235737','615adf3b-65c8-4fb1-9508-68bd64611fa5','Post object (615adf3b-65c8-4fb1-9508-68bd64611fa5)','[]',23,24,2);
INSERT INTO django_admin_log VALUES(251,'2023-05-13 19:23:25.755833','5bac7d63-53f5-46e1-bac4-41b7259cedd2','Post object (5bac7d63-53f5-46e1-bac4-41b7259cedd2)','[]',23,24,2);
INSERT INTO django_admin_log VALUES(252,'2023-05-13 19:24:01.128897','4b8af694-cb0a-4154-80d4-5a47ec093830','Post object (4b8af694-cb0a-4154-80d4-5a47ec093830)','[{"changed": {"fields": ["Caption", "Tags"]}}]',23,24,2);
INSERT INTO django_admin_log VALUES(253,'2023-05-13 19:25:17.068564','475c464f-a8d1-4031-939e-c4bb9fa1e167','Post object (475c464f-a8d1-4031-939e-c4bb9fa1e167)','[{"changed": {"fields": ["Caption", "Tags"]}}]',23,24,2);
INSERT INTO django_admin_log VALUES(254,'2023-05-13 19:26:35.373761','3b495cd7-d8d4-4fb5-a124-ff2500c5437a','Post object (3b495cd7-d8d4-4fb5-a124-ff2500c5437a)','[{"changed": {"fields": ["Caption", "Tags"]}}]',23,24,2);
INSERT INTO django_admin_log VALUES(255,'2023-05-13 19:26:52.096373','32e19de4-c8df-4a00-b817-7b7b3effafdd','Post object (32e19de4-c8df-4a00-b817-7b7b3effafdd)','[{"changed": {"fields": ["Caption", "Tags"]}}]',23,24,2);
INSERT INTO django_admin_log VALUES(256,'2023-05-13 19:27:47.213825','306e742e-8f12-44f5-b729-496d34506b7c','Post object (306e742e-8f12-44f5-b729-496d34506b7c)','[{"changed": {"fields": ["Caption", "Tags"]}}]',23,24,2);
INSERT INTO django_admin_log VALUES(257,'2023-05-13 19:28:16.595124','2b0687fc-18bb-4052-8a74-009932e8479f','Post object (2b0687fc-18bb-4052-8a74-009932e8479f)','[{"changed": {"fields": ["Caption", "Tags"]}}]',23,24,2);
INSERT INTO django_admin_log VALUES(258,'2023-05-13 19:31:15.883049','16c86a2f-8d89-4062-bfb1-460ff5b12444','Post object (16c86a2f-8d89-4062-bfb1-460ff5b12444)','[{"changed": {"fields": ["Caption", "Tags"]}}]',23,24,2);
INSERT INTO django_admin_log VALUES(259,'2023-05-13 19:32:01.779205','0a6e0346-6a5f-4848-a1c7-d979df1cc40c','Post object (0a6e0346-6a5f-4848-a1c7-d979df1cc40c)','[{"changed": {"fields": ["Caption", "Tags"]}}]',23,24,2);
INSERT INTO django_admin_log VALUES(260,'2023-05-13 19:32:53.831504','093638e2-5cad-41f5-b907-fc646d53a961','Post object (093638e2-5cad-41f5-b907-fc646d53a961)','[{"changed": {"fields": ["Caption", "Tags"]}}]',23,24,2);
INSERT INTO django_admin_log VALUES(261,'2023-05-13 19:33:19.013793','132','Message object (132)','',27,24,3);
INSERT INTO django_admin_log VALUES(262,'2023-05-13 19:33:19.018795','131','Message object (131)','',27,24,3);
INSERT INTO django_admin_log VALUES(263,'2023-05-13 19:33:19.023310','130','Message object (130)','',27,24,3);
INSERT INTO django_admin_log VALUES(264,'2023-05-13 19:33:19.029317','129','Message object (129)','',27,24,3);
INSERT INTO django_admin_log VALUES(265,'2023-05-13 19:33:19.034826','128','Message object (128)','',27,24,3);
INSERT INTO django_admin_log VALUES(266,'2023-05-13 19:33:19.038825','127','Message object (127)','',27,24,3);
INSERT INTO django_admin_log VALUES(267,'2023-05-13 19:33:19.044367','126','Message object (126)','',27,24,3);
INSERT INTO django_admin_log VALUES(268,'2023-05-13 19:33:19.049370','125','Message object (125)','',27,24,3);
INSERT INTO django_admin_log VALUES(269,'2023-05-13 19:33:19.053881','124','Message object (124)','',27,24,3);
INSERT INTO django_admin_log VALUES(270,'2023-05-13 19:33:19.058907','123','Message object (123)','',27,24,3);
INSERT INTO django_admin_log VALUES(271,'2023-05-13 19:33:19.062907','122','Message object (122)','',27,24,3);
INSERT INTO django_admin_log VALUES(272,'2023-05-13 19:33:19.067479','121','Message object (121)','',27,24,3);
INSERT INTO django_admin_log VALUES(273,'2023-05-13 19:33:19.072479','120','Message object (120)','',27,24,3);
INSERT INTO django_admin_log VALUES(274,'2023-05-13 19:33:19.077014','119','Message object (119)','',27,24,3);
INSERT INTO django_admin_log VALUES(275,'2023-05-13 19:33:19.082014','118','Message object (118)','',27,24,3);
INSERT INTO django_admin_log VALUES(276,'2023-05-13 19:33:19.087556','117','Message object (117)','',27,24,3);
INSERT INTO django_admin_log VALUES(277,'2023-05-13 19:33:19.092559','116','Message object (116)','',27,24,3);
INSERT INTO django_admin_log VALUES(278,'2023-05-13 19:33:19.098075','115','Message object (115)','',27,24,3);
INSERT INTO django_admin_log VALUES(279,'2023-05-13 19:33:19.102078','114','Message object (114)','',27,24,3);
INSERT INTO django_admin_log VALUES(280,'2023-05-13 19:33:19.107588','113','Message object (113)','',27,24,3);
INSERT INTO django_admin_log VALUES(281,'2023-05-13 19:33:19.113107','112','Message object (112)','',27,24,3);
INSERT INTO django_admin_log VALUES(282,'2023-05-13 19:33:19.117620','111','Message object (111)','',27,24,3);
INSERT INTO django_admin_log VALUES(283,'2023-05-13 19:33:19.122651','110','Message object (110)','',27,24,3);
INSERT INTO django_admin_log VALUES(284,'2023-05-13 19:33:19.127651','109','Message object (109)','',27,24,3);
INSERT INTO django_admin_log VALUES(285,'2023-05-13 19:33:19.133166','108','Message object (108)','',27,24,3);
INSERT INTO django_admin_log VALUES(286,'2023-05-13 19:33:19.138167','107','Message object (107)','',27,24,3);
INSERT INTO django_admin_log VALUES(287,'2023-05-13 19:33:19.142681','106','Message object (106)','',27,24,3);
INSERT INTO django_admin_log VALUES(288,'2023-05-13 19:33:19.147682','105','Message object (105)','',27,24,3);
INSERT INTO django_admin_log VALUES(289,'2023-05-13 19:33:19.152196','104','Message object (104)','',27,24,3);
INSERT INTO django_admin_log VALUES(290,'2023-05-13 19:33:19.157198','103','Message object (103)','',27,24,3);
INSERT INTO django_admin_log VALUES(291,'2023-05-13 19:33:19.162714','102','Message object (102)','',27,24,3);
INSERT INTO django_admin_log VALUES(292,'2023-05-13 19:33:19.167714','101','Message object (101)','',27,24,3);
INSERT INTO django_admin_log VALUES(293,'2023-05-13 19:33:19.173249','100','Message object (100)','',27,24,3);
INSERT INTO django_admin_log VALUES(294,'2023-05-13 19:33:19.178248','99','Message object (99)','',27,24,3);
INSERT INTO django_admin_log VALUES(295,'2023-05-13 19:33:19.182790','98','Message object (98)','',27,24,3);
INSERT INTO django_admin_log VALUES(296,'2023-05-13 19:33:19.186791','97','Message object (97)','',27,24,3);
INSERT INTO django_admin_log VALUES(297,'2023-05-13 19:33:19.192303','96','Message object (96)','',27,24,3);
INSERT INTO django_admin_log VALUES(298,'2023-05-13 19:33:19.197326','95','Message object (95)','',27,24,3);
INSERT INTO django_admin_log VALUES(299,'2023-05-13 19:33:19.201326','94','Message object (94)','',27,24,3);
INSERT INTO django_admin_log VALUES(300,'2023-05-13 19:33:19.205866','93','Message object (93)','',27,24,3);
INSERT INTO django_admin_log VALUES(301,'2023-05-13 19:33:19.211868','74','Message object (74)','',27,24,3);
INSERT INTO django_admin_log VALUES(302,'2023-05-13 19:33:19.215914','73','Message object (73)','',27,24,3);
INSERT INTO django_admin_log VALUES(303,'2023-05-13 19:33:19.221913','72','Message object (72)','',27,24,3);
INSERT INTO django_admin_log VALUES(304,'2023-05-13 19:33:19.227453','71','Message object (71)','',27,24,3);
INSERT INTO django_admin_log VALUES(305,'2023-05-13 19:33:19.232454','70','Message object (70)','',27,24,3);
INSERT INTO django_admin_log VALUES(306,'2023-05-13 19:33:19.236988','69','Message object (69)','',27,24,3);
INSERT INTO django_admin_log VALUES(307,'2023-05-13 19:33:19.243990','68','Message object (68)','',27,24,3);
INSERT INTO django_admin_log VALUES(308,'2023-05-13 19:33:19.248527','67','Message object (67)','',27,24,3);
INSERT INTO django_admin_log VALUES(309,'2023-05-13 19:33:19.253527','64','Message object (64)','',27,24,3);
INSERT INTO django_admin_log VALUES(310,'2023-05-13 19:33:19.259041','63','Message object (63)','',27,24,3);
INSERT INTO django_admin_log VALUES(311,'2023-05-13 19:33:19.263041','62','Message object (62)','',27,24,3);
INSERT INTO django_admin_log VALUES(312,'2023-05-13 19:33:19.268555','61','Message object (61)','',27,24,3);
INSERT INTO django_admin_log VALUES(313,'2023-05-13 19:33:19.273559','60','Message object (60)','',27,24,3);
INSERT INTO django_admin_log VALUES(314,'2023-05-13 19:33:19.278067','59','Message object (59)','',27,24,3);
INSERT INTO django_admin_log VALUES(315,'2023-05-13 19:33:19.283072','58','Message object (58)','',27,24,3);
INSERT INTO django_admin_log VALUES(316,'2023-05-13 19:33:19.287072','57','Message object (57)','',27,24,3);
INSERT INTO django_admin_log VALUES(317,'2023-05-13 19:33:19.293613','56','Message object (56)','',27,24,3);
INSERT INTO django_admin_log VALUES(318,'2023-05-13 19:33:19.297614','55','Message object (55)','',27,24,3);
INSERT INTO django_admin_log VALUES(319,'2023-05-13 19:33:19.303172','54','Message object (54)','',27,24,3);
INSERT INTO django_admin_log VALUES(320,'2023-05-13 19:33:19.308173','53','Message object (53)','',27,24,3);
INSERT INTO django_admin_log VALUES(321,'2023-05-13 19:33:19.313227','52','Message object (52)','',27,24,3);
INSERT INTO django_admin_log VALUES(322,'2023-05-13 19:33:19.319233','51','Message object (51)','',27,24,3);
INSERT INTO django_admin_log VALUES(323,'2023-05-13 19:33:19.323748','48','Message object (48)','',27,24,3);
INSERT INTO django_admin_log VALUES(324,'2023-05-13 19:33:19.328751','47','Message object (47)','',27,24,3);
INSERT INTO django_admin_log VALUES(325,'2023-05-13 19:33:19.333308','46','Message object (46)','',27,24,3);
INSERT INTO django_admin_log VALUES(326,'2023-05-13 19:33:19.338308','45','Message object (45)','',27,24,3);
INSERT INTO django_admin_log VALUES(327,'2023-05-13 19:33:19.343842','42','Message object (42)','',27,24,3);
INSERT INTO django_admin_log VALUES(328,'2023-05-13 19:33:19.348842','41','Message object (41)','',27,24,3);
INSERT INTO django_admin_log VALUES(329,'2023-05-13 19:33:19.353373','38','Message object (38)','',27,24,3);
INSERT INTO django_admin_log VALUES(330,'2023-05-13 19:33:19.358375','37','Message object (37)','',27,24,3);
INSERT INTO django_admin_log VALUES(331,'2023-05-13 19:33:19.363937','32','Message object (32)','',27,24,3);
INSERT INTO django_admin_log VALUES(332,'2023-05-13 19:33:19.368942','31','Message object (31)','',27,24,3);
INSERT INTO django_admin_log VALUES(333,'2023-05-13 19:33:19.374450','30','Message object (30)','',27,24,3);
INSERT INTO django_admin_log VALUES(334,'2023-05-13 19:33:19.382452','29','Message object (29)','',27,24,3);
INSERT INTO django_admin_log VALUES(335,'2023-05-13 19:33:19.387966','26','Message object (26)','',27,24,3);
INSERT INTO django_admin_log VALUES(336,'2023-05-13 19:33:19.392966','25','Message object (25)','',27,24,3);
INSERT INTO django_admin_log VALUES(337,'2023-05-13 19:33:19.398485','24','Message object (24)','',27,24,3);
INSERT INTO django_admin_log VALUES(338,'2023-05-13 19:33:19.404486','23','Message object (23)','',27,24,3);
INSERT INTO django_admin_log VALUES(339,'2023-05-13 19:33:19.410023','22','Message object (22)','',27,24,3);
INSERT INTO django_admin_log VALUES(340,'2023-05-13 19:33:19.415555','21','Message object (21)','',27,24,3);
INSERT INTO django_admin_log VALUES(341,'2023-05-13 19:33:19.420987','20','Message object (20)','',27,24,3);
INSERT INTO django_admin_log VALUES(342,'2023-05-13 19:33:19.428500','19','Message object (19)','',27,24,3);
INSERT INTO django_admin_log VALUES(343,'2023-05-13 19:33:19.433504','18','Message object (18)','',27,24,3);
INSERT INTO django_admin_log VALUES(344,'2023-05-13 19:34:54.145344','61','askdkskdks','',20,24,3);
INSERT INTO django_admin_log VALUES(345,'2023-05-13 19:34:54.151857','60',' real-state','',20,24,3);
INSERT INTO django_admin_log VALUES(346,'2023-05-13 19:34:54.156857','59',' scary','',20,24,3);
INSERT INTO django_admin_log VALUES(347,'2023-05-13 19:34:54.162373','58',' pumpkin','',20,24,3);
INSERT INTO django_admin_log VALUES(348,'2023-05-13 19:34:54.168372','57','halloween','',20,24,3);
INSERT INTO django_admin_log VALUES(349,'2023-05-13 19:34:54.172906','56',' pwill','',20,24,3);
INSERT INTO django_admin_log VALUES(350,'2023-05-13 19:34:54.178908','53',' forex-trader','',20,24,3);
INSERT INTO django_admin_log VALUES(351,'2023-05-13 19:34:54.184425','52',' goprisco','',20,24,3);
INSERT INTO django_admin_log VALUES(352,'2023-05-13 19:34:54.189936','51','pwill','',20,24,3);
INSERT INTO django_admin_log VALUES(353,'2023-05-13 19:34:54.193962','49',' united-kingdom','',20,24,3);
INSERT INTO django_admin_log VALUES(354,'2023-05-13 19:34:54.198963','47',' estate','',20,24,3);
INSERT INTO django_admin_log VALUES(355,'2023-05-13 19:34:54.205501','43',' entrepreneur','',20,24,3);
INSERT INTO django_admin_log VALUES(356,'2023-05-13 19:34:54.209500','42',' forex','',20,24,3);
INSERT INTO django_admin_log VALUES(357,'2023-05-13 19:34:54.217060','41',' princewill','',20,24,3);
INSERT INTO django_admin_log VALUES(358,'2023-05-13 19:34:54.221570','40','goprisco','',20,24,3);
INSERT INTO django_admin_log VALUES(359,'2023-05-13 19:34:54.227606','39','dfd','',20,24,3);
INSERT INTO django_admin_log VALUES(360,'2023-05-13 19:34:54.233116','38',' give','',20,24,3);
INSERT INTO django_admin_log VALUES(361,'2023-05-13 19:34:54.238121','37',' fast','',20,24,3);
INSERT INTO django_admin_log VALUES(362,'2023-05-13 19:34:54.243122','35','bible','',20,24,3);
INSERT INTO django_admin_log VALUES(363,'2023-05-13 19:34:54.248637','34',' solar','',20,24,3);
INSERT INTO django_admin_log VALUES(364,'2023-05-13 19:34:54.252637','28','destiny','',20,24,3);
INSERT INTO django_admin_log VALUES(365,'2023-05-13 19:34:54.258154','26',' desphixs','',20,24,3);
INSERT INTO django_admin_log VALUES(366,'2023-05-13 19:34:54.265692','22','Vo','',20,24,3);
INSERT INTO django_admin_log VALUES(367,'2023-05-13 19:34:54.272228','21','Su','',20,24,3);
INSERT INTO django_admin_log VALUES(368,'2023-05-13 19:34:54.278745','20',' job alert','',20,24,3);
INSERT INTO django_admin_log VALUES(369,'2023-05-13 19:34:54.284745','17','linkedin','',20,24,3);
INSERT INTO django_admin_log VALUES(370,'2023-05-13 19:34:54.290261','15',' shopme','',20,24,3);
INSERT INTO django_admin_log VALUES(371,'2023-05-13 19:34:54.295261','14','dexxapik','',20,24,3);
INSERT INTO django_admin_log VALUES(372,'2023-05-13 19:34:54.300780','11','netflix','',20,24,3);
INSERT INTO django_admin_log VALUES(373,'2023-05-13 19:34:54.305779','6','No','',20,24,3);
CREATE TABLE IF NOT EXISTS "django_content_type" ("id" integer NOT NULL PRIMARY KEY AUTOINCREMENT, "app_label" varchar(100) NOT NULL, "model" varchar(100) NOT NULL);
INSERT INTO django_content_type VALUES(1,'admin','logentry');
INSERT INTO django_content_type VALUES(2,'auth','permission');
INSERT INTO django_content_type VALUES(3,'auth','group');
INSERT INTO django_content_type VALUES(4,'auth','user');
INSERT INTO django_content_type VALUES(5,'contenttypes','contenttype');
INSERT INTO django_content_type VALUES(6,'sessions','session');
INSERT INTO django_content_type VALUES(7,'authusers','aboutus');
INSERT INTO django_content_type VALUES(8,'authusers','announcements');
INSERT INTO django_content_type VALUES(9,'authusers','contact');
INSERT INTO django_content_type VALUES(10,'authusers','faqs');
INSERT INTO django_content_type VALUES(11,'authusers','feedback');
INSERT INTO django_content_type VALUES(12,'authusers','getintouch');
INSERT INTO django_content_type VALUES(13,'authusers','packageprice');
INSERT INTO django_content_type VALUES(14,'authusers','privacy_and_terms');
INSERT INTO django_content_type VALUES(15,'authusers','review');
INSERT INTO django_content_type VALUES(16,'authusers','support_and_customerservice');
INSERT INTO django_content_type VALUES(17,'authusers','profile');
INSERT INTO django_content_type VALUES(18,'authusers','newsletter');
INSERT INTO django_content_type VALUES(19,'authusers','modelnotes');
INSERT INTO django_content_type VALUES(20,'post','tag');
INSERT INTO django_content_type VALUES(21,'post','follow');
INSERT INTO django_content_type VALUES(22,'post','stream');
INSERT INTO django_content_type VALUES(23,'post','post');
INSERT INTO django_content_type VALUES(24,'post','likes');
INSERT INTO django_content_type VALUES(25,'authy','profile');
INSERT INTO django_content_type VALUES(26,'comment','comment');
INSERT INTO django_content_type VALUES(27,'directs','message');
INSERT INTO django_content_type VALUES(28,'notification','notification');
CREATE TABLE IF NOT EXISTS "auth_permission" ("id" integer NOT NULL PRIMARY KEY AUTOINCREMENT, "content_type_id" integer NOT NULL REFERENCES "django_content_type" ("id") DEFERRABLE INITIALLY DEFERRED, "codename" varchar(100) NOT NULL, "name" varchar(255) NOT NULL);
INSERT INTO auth_permission VALUES(1,1,'add_logentry','Can add log entry');
INSERT INTO auth_permission VALUES(2,1,'change_logentry','Can change log entry');
INSERT INTO auth_permission VALUES(3,1,'delete_logentry','Can delete log entry');
INSERT INTO auth_permission VALUES(4,1,'view_logentry','Can view log entry');
INSERT INTO auth_permission VALUES(5,2,'add_permission','Can add permission');
INSERT INTO auth_permission VALUES(6,2,'change_permission','Can change permission');
INSERT INTO auth_permission VALUES(7,2,'delete_permission','Can delete permission');
INSERT INTO auth_permission VALUES(8,2,'view_permission','Can view permission');
INSERT INTO auth_permission VALUES(9,3,'add_group','Can add group');
INSERT INTO auth_permission VALUES(10,3,'change_group','Can change group');
INSERT INTO auth_permission VALUES(11,3,'delete_group','Can delete group');
INSERT INTO auth_permission VALUES(12,3,'view_group','Can view group');
INSERT INTO auth_permission VALUES(13,4,'add_user','Can add user');
INSERT INTO auth_permission VALUES(14,4,'change_user','Can change user');
INSERT INTO auth_permission VALUES(15,4,'delete_user','Can delete user');
INSERT INTO auth_permission VALUES(16,4,'view_user','Can view user');
INSERT INTO auth_permission VALUES(17,5,'add_contenttype','Can add content type');
INSERT INTO auth_permission VALUES(18,5,'change_contenttype','Can change content type');
INSERT INTO auth_permission VALUES(19,5,'delete_contenttype','Can delete content type');
INSERT INTO auth_permission VALUES(20,5,'view_contenttype','Can view content type');
INSERT INTO auth_permission VALUES(21,6,'add_session','Can add session');
INSERT INTO auth_permission VALUES(22,6,'change_session','Can change session');
INSERT INTO auth_permission VALUES(23,6,'delete_session','Can delete session');
INSERT INTO auth_permission VALUES(24,6,'view_session','Can view session');
INSERT INTO auth_permission VALUES(25,7,'add_aboutus','Can add About Us');
INSERT INTO auth_permission VALUES(26,7,'change_aboutus','Can change About Us');
INSERT INTO auth_permission VALUES(27,7,'delete_aboutus','Can delete About Us');
INSERT INTO auth_permission VALUES(28,7,'view_aboutus','Can view About Us');
INSERT INTO auth_permission VALUES(29,8,'add_announcements','Can add Announcement');
INSERT INTO auth_permission VALUES(30,8,'change_announcements','Can change Announcement');
INSERT INTO auth_permission VALUES(31,8,'delete_announcements','Can delete Announcement');
INSERT INTO auth_permission VALUES(32,8,'view_announcements','Can view Announcement');
INSERT INTO auth_permission VALUES(33,9,'add_contact','Can add Contact Us');
INSERT INTO auth_permission VALUES(34,9,'change_contact','Can change Contact Us');
INSERT INTO auth_permission VALUES(35,9,'delete_contact','Can delete Contact Us');
INSERT INTO auth_permission VALUES(36,9,'view_contact','Can view Contact Us');
INSERT INTO auth_permission VALUES(37,10,'add_faqs','Can add Frequently Asked Question');
INSERT INTO auth_permission VALUES(38,10,'change_faqs','Can change Frequently Asked Question');
INSERT INTO auth_permission VALUES(39,10,'delete_faqs','Can delete Frequently Asked Question');
INSERT INTO auth_permission VALUES(40,10,'view_faqs','Can view Frequently Asked Question');
INSERT INTO auth_permission VALUES(41,11,'add_feedback','Can add Feedback');
INSERT INTO auth_permission VALUES(42,11,'change_feedback','Can change Feedback');
INSERT INTO auth_permission VALUES(43,11,'delete_feedback','Can delete Feedback');
INSERT INTO auth_permission VALUES(44,11,'view_feedback','Can view Feedback');
INSERT INTO auth_permission VALUES(45,12,'add_getintouch','Can add Get In Touch');
INSERT INTO auth_permission VALUES(46,12,'change_getintouch','Can change Get In Touch');
INSERT INTO auth_permission VALUES(47,12,'delete_getintouch','Can delete Get In Touch');
INSERT INTO auth_permission VALUES(48,12,'view_getintouch','Can view Get In Touch');
INSERT INTO auth_permission VALUES(49,13,'add_packageprice','Can add Packages and Price');
INSERT INTO auth_permission VALUES(50,13,'change_packageprice','Can change Packages and Price');
INSERT INTO auth_permission VALUES(51,13,'delete_packageprice','Can delete Packages and Price');
INSERT INTO auth_permission VALUES(52,13,'view_packageprice','Can view Packages and Price');
INSERT INTO auth_permission VALUES(53,14,'add_privacy_and_terms','Can add Privacy and Term');
INSERT INTO auth_permission VALUES(54,14,'change_privacy_and_terms','Can change Privacy and Term');
INSERT INTO auth_permission VALUES(55,14,'delete_privacy_and_terms','Can delete Privacy and Term');
INSERT INTO auth_permission VALUES(56,14,'view_privacy_and_terms','Can view Privacy and Term');
INSERT INTO auth_permission VALUES(57,15,'add_review','Can add Review');
INSERT INTO auth_permission VALUES(58,15,'change_review','Can change Review');
INSERT INTO auth_permission VALUES(59,15,'delete_review','Can delete Review');
INSERT INTO auth_permission VALUES(60,15,'view_review','Can view Review');
INSERT INTO auth_permission VALUES(61,16,'add_support_and_customerservice','Can add Support and Customer Service');
INSERT INTO auth_permission VALUES(62,16,'change_support_and_customerservice','Can change Support and Customer Service');
INSERT INTO auth_permission VALUES(63,16,'delete_support_and_customerservice','Can delete Support and Customer Service');
INSERT INTO auth_permission VALUES(64,16,'view_support_and_customerservice','Can view Support and Customer Service');
INSERT INTO auth_permission VALUES(65,17,'add_profile','Can add profile');
INSERT INTO auth_permission VALUES(66,17,'change_profile','Can change profile');
INSERT INTO auth_permission VALUES(67,17,'delete_profile','Can delete profile');
INSERT INTO auth_permission VALUES(68,17,'view_profile','Can view profile');
INSERT INTO auth_permission VALUES(69,18,'add_newsletter','Can add news letter');
INSERT INTO auth_permission VALUES(70,18,'change_newsletter','Can change news letter');
INSERT INTO auth_permission VALUES(71,18,'delete_newsletter','Can delete news letter');
INSERT INTO auth_permission VALUES(72,18,'view_newsletter','Can view news letter');
INSERT INTO auth_permission VALUES(73,19,'add_modelnotes','Can add model notes');
INSERT INTO auth_permission VALUES(74,19,'change_modelnotes','Can change model notes');
INSERT INTO auth_permission VALUES(75,19,'delete_modelnotes','Can delete model notes');
INSERT INTO auth_permission VALUES(76,19,'view_modelnotes','Can view model notes');
INSERT INTO auth_permission VALUES(77,20,'add_tag','Can add Tag');
INSERT INTO auth_permission VALUES(78,20,'change_tag','Can change Tag');
INSERT INTO auth_permission VALUES(79,20,'delete_tag','Can delete Tag');
INSERT INTO auth_permission VALUES(80,20,'view_tag','Can view Tag');
INSERT INTO auth_permission VALUES(81,21,'add_follow','Can add follow');
INSERT INTO auth_permission VALUES(82,21,'change_follow','Can change follow');
INSERT INTO auth_permission VALUES(83,21,'delete_follow','Can delete follow');
INSERT INTO auth_permission VALUES(84,21,'view_follow','Can view follow');
INSERT INTO auth_permission VALUES(85,22,'add_stream','Can add stream');
INSERT INTO auth_permission VALUES(86,22,'change_stream','Can change stream');
INSERT INTO auth_permission VALUES(87,22,'delete_stream','Can delete stream');
INSERT INTO auth_permission VALUES(88,22,'view_stream','Can view stream');
INSERT INTO auth_permission VALUES(89,23,'add_post','Can add post');
INSERT INTO auth_permission VALUES(90,23,'change_post','Can change post');
INSERT INTO auth_permission VALUES(91,23,'delete_post','Can delete post');
INSERT INTO auth_permission VALUES(92,23,'view_post','Can view post');
INSERT INTO auth_permission VALUES(93,24,'add_likes','Can add likes');
INSERT INTO auth_permission VALUES(94,24,'change_likes','Can change likes');
INSERT INTO auth_permission VALUES(95,24,'delete_likes','Can delete likes');
INSERT INTO auth_permission VALUES(96,24,'view_likes','Can view likes');
INSERT INTO auth_permission VALUES(97,25,'add_profile','Can add profile');
INSERT INTO auth_permission VALUES(98,25,'change_profile','Can change profile');
INSERT INTO auth_permission VALUES(99,25,'delete_profile','Can delete profile');
INSERT INTO auth_permission VALUES(100,25,'view_profile','Can view profile');
INSERT INTO auth_permission VALUES(101,26,'add_comment','Can add comment');
INSERT INTO auth_permission VALUES(102,26,'change_comment','Can change comment');
INSERT INTO auth_permission VALUES(103,26,'delete_comment','Can delete comment');
INSERT INTO auth_permission VALUES(104,26,'view_comment','Can view comment');
INSERT INTO auth_permission VALUES(105,27,'add_message','Can add message');
INSERT INTO auth_permission VALUES(106,27,'change_message','Can change message');
INSERT INTO auth_permission VALUES(107,27,'delete_message','Can delete message');
INSERT INTO auth_permission VALUES(108,27,'view_message','Can view message');
INSERT INTO auth_permission VALUES(109,28,'add_notification','Can add notification');
INSERT INTO auth_permission VALUES(110,28,'change_notification','Can change notification');
INSERT INTO auth_permission VALUES(111,28,'delete_notification','Can delete notification');
INSERT INTO auth_permission VALUES(112,28,'view_notification','Can view notification');
CREATE TABLE IF NOT EXISTS "auth_group" ("id" integer NOT NULL PRIMARY KEY AUTOINCREMENT, "name" varchar(150) NOT NULL UNIQUE);
CREATE TABLE IF NOT EXISTS "auth_user" ("id" integer NOT NULL PRIMARY KEY AUTOINCREMENT, "password" varchar(128) NOT NULL, "last_login" datetime NULL, "is_superuser" bool NOT NULL, "username" varchar(150) NOT NULL UNIQUE, "last_name" varchar(150) NOT NULL, "email" varchar(254) NOT NULL, "is_staff" bool NOT NULL, "is_active" bool NOT NULL, "date_joined" datetime NOT NULL, "first_name" varchar(150) NOT NULL);
INSERT INTO auth_user VALUES(1,'pbkdf2_sha256$390000$nw6CsSX0S2cHqZFZzs5wku$5czfD7TbQOEO6WcCZBoIHh2h8LD7W1GZ6M+kMO2AesE=','2023-05-07 06:52:19.826014',1,'zhumagazzina_a','Zhumagazina','bota@mail.ru',1,1,'2022-01-01 01:02:51','Bota');
INSERT INTO auth_user VALUES(3,'pbkdf2_sha256$390000$bFvOYgz7jRgXJ06vYWJ23S$o9QwyP363+PYnL0uofhEW03eE8P/wRk67tkEDLNfuK4=','2022-04-08 03:18:08',1,'m_biko','Maratov','beimbet@mailinator.com',1,1,'2022-01-01 01:07:10','Beimbet');
INSERT INTO auth_user VALUES(12,'pbkdf2_sha256$390000$icS5bSizywxCegQfCPeB1T$5zp/AEQixVFUVvR4qNyfraAj1Gyrx+c6e7nrb9j8gJo=','2022-04-07 14:11:05',0,'yerlanbek','Zhumabaev','erlan@mailinator.com',0,1,'2022-04-07 14:11:04','Erlan');
INSERT INTO auth_user VALUES(13,'pbkdf2_sha256$390000$Tg3mTFlJn4HfH7WT0gy6sA$REGcjIOVV+Pe2ByJ/Oj2EE37HNz8tecXOTn2U1V3uFg=','2023-05-06 13:55:51.144337',0,'caprideca','Abusaid','Aru@mailinator.com',0,1,'2022-04-07 14:16:26','Aruzhan');
INSERT INTO auth_user VALUES(14,'pbkdf2_sha256$390000$LolKy8bjRCfCN1IUXzKZSR$7/emxlB5WDHEvDIywdbtWfO08IlwdE/n6/cNQhmj5ZU=','2023-05-06 13:50:30.785937',0,'assquire','Aitkulov','askar@mail.ru',0,1,'2022-04-07 14:49:14','Askar');
INSERT INTO auth_user VALUES(15,'pbkdf2_sha256$390000$TYoaJ7oCBhUYnNIS0ac6mh$u3NUG2CIZrrgrMWaUuxIgzgVNcuGmcVLh0QuxVCVLbw=','2022-04-07 17:11:39',0,'keulen_n','Keulen','haruka@mail.ru',0,1,'2022-04-07 17:11:38','Aruzhan');
INSERT INTO auth_user VALUES(16,'pbkdf2_sha256$390000$twjaVyg4MyqrNe5U7Q4Urf$mjidUg+HqHDiXnTvIGvqkcvBp5S4TUHfQemil9uLPc4=','2023-05-15 04:44:52.620571',0,'whk_cd','Azhen','azhen03@mail.ru',0,1,'2022-04-07 18:03:42','Sayat');
INSERT INTO auth_user VALUES(17,'pbkdf2_sha256$390000$jhwFULkLKlj6k85NPEbrDy$8/UdHybt+kjQXfK0LCfpoLXyL06nDJj0UsePvcOSDdQ=','2022-04-07 18:08:49',0,'pinkie_pie','Bolat','Bolat@gmail.com',0,1,'2022-04-07 18:08:48','Danial');
INSERT INTO auth_user VALUES(18,'pbkdf2_sha256$390000$zxa2s6c3B3PmXAdPiXzog5$el5sjqmuaYz0BL0CPkVaUq0BTQCjGUgqO8mzenATOqc=','2022-04-07 18:13:33',0,'White_f0x','Issatay','princewill8a@gmail.com',0,1,'2022-04-07 18:13:33','Rauan');
INSERT INTO auth_user VALUES(19,'pbkdf2_sha256$390000$qFhHJ6uBmQqTQi3TYhbaFX$00Yvq96mPWtCAemsZIvcRVFYmVIQccEpyS2bOZtht9k=','2022-04-08 03:23:02',0,'nurstogram','Aslanbekov','nurda@mailinator.com',0,1,'2022-04-08 03:23:01','Nurdaulet');
INSERT INTO auth_user VALUES(22,'pbkdf2_sha256$600000$6rbgT8Kb4b0qHycp0Cmo3m$njXsus848aUtVt3f0WI2+BiWV4cDdfC/BeIGb7k8m3Y=',NULL,1,'adminBack','','diasdas@daisdi.kz',1,1,'2023-05-06 08:54:25.047815','');
INSERT INTO auth_user VALUES(23,'pbkdf2_sha256$390000$lbTrDD4W4wrbse3fRBLTPu$HrdNZacf9pus1ZqezzbIcxNqvTat9maEelTF3eBHvlA=','2023-05-06 13:58:28.029075',1,'diasidas','','diiasd@dasdi.kz',1,1,'2023-05-06 09:00:31.385306','');
INSERT INTO auth_user VALUES(24,'pbkdf2_sha256$720000$iFju08zFLTVohrC7D6lvVD$ZrSBAGX8+q9KDUXFdbQ/U8rq6o3delHW2iXrIwo3Nd8=','2024-04-12 19:30:02.034679',1,'admininsta','','admininsta@mail.ru',1,1,'2023-05-06 09:04:33.813053','');
INSERT INTO auth_user VALUES(25,'pbkdf2_sha256$390000$QmkJ737WJdV8IX9MD9gKvT$lqqinyo5n8fkw5yeO9HiVEMdc/5cyXHrBPf8Wo8ghZs=','2023-05-14 09:16:32.666734',0,'sayat','','23@stu.sdu.edu.kz',0,1,'2023-05-14 08:47:17.835808','');
INSERT INTO auth_user VALUES(26,'pbkdf2_sha256$720000$4558ddimwDSvXm2DEMyrSM$PNMFHy0EWJ9Aj4L+zis1edi/DizEnfWO9K5CAX1IDoU=','2024-04-12 19:38:07.081005',0,'iliyas','','iliyasbek2003@gmail.com',0,1,'2024-04-12 19:36:14.522732','');
CREATE TABLE IF NOT EXISTS "authusers_aboutus" ("id" integer NOT NULL PRIMARY KEY AUTOINCREMENT, "title" varchar(10000) NOT NULL, "content" text NOT NULL, "whatwedo1" varchar(10000) NULL, "whatwedo2" varchar(10000) NULL, "whatwedo3" varchar(10000) NULL, "button_text" varchar(1000) NULL);
CREATE TABLE IF NOT EXISTS "authusers_announcements" ("id" integer NOT NULL PRIMARY KEY AUTOINCREMENT, "title" varchar(10000) NOT NULL, "link" varchar(200) NULL);
CREATE TABLE IF NOT EXISTS "authusers_contact" ("id" integer NOT NULL PRIMARY KEY AUTOINCREMENT, "name" varchar(1000) NOT NULL, "email" varchar(254) NOT NULL, "subject" varchar(1000) NOT NULL, "message" text NOT NULL, "date_added" datetime NULL);
CREATE TABLE IF NOT EXISTS "authusers_faqs" ("id" integer NOT NULL PRIMARY KEY AUTOINCREMENT, "Question" varchar(10000) NOT NULL, "Answer" text NOT NULL);
CREATE TABLE IF NOT EXISTS "authusers_feedback" ("id" integer NOT NULL PRIMARY KEY AUTOINCREMENT, "name" varchar(1000) NOT NULL, "email" varchar(254) NOT NULL, "subject" varchar(1000) NOT NULL, "message" text NULL, "date_added" datetime NULL);
CREATE TABLE IF NOT EXISTS "authusers_getintouch" ("id" integer NOT NULL PRIMARY KEY AUTOINCREMENT, "title" varchar(10000) NULL, "address" varchar(10000) NULL, "email" varchar(254) NULL, "email2" varchar(254) NULL, "phone" integer NULL, "phone2" integer NULL);
CREATE TABLE IF NOT EXISTS "authusers_packageprice" ("id" integer NOT NULL PRIMARY KEY AUTOINCREMENT, "package_name" varchar(1000) NOT NULL, "slug" varchar(50) NOT NULL UNIQUE, "package_info" varchar(1000) NOT NULL, "package_price" integer NOT NULL, "package_period" varchar(1000) NOT NULL, "package_details1" varchar(1000) NULL, "package_details2" varchar(1000) NULL, "package_details3" varchar(1000) NULL, "package_details4" varchar(1000) NULL, "package_details5" varchar(1000) NULL, "package_details6" varchar(1000) NULL, "package_details7" varchar(1000) NULL, "package_details8" varchar(1000) NULL, "package_details9" varchar(1000) NULL, "package_details10" varchar(1000) NULL);
CREATE TABLE IF NOT EXISTS "authusers_privacy_and_terms" ("id" integer NOT NULL PRIMARY KEY AUTOINCREMENT, "title" varchar(10000) NOT NULL, "content" text NOT NULL, "link" varchar(200) NULL);
CREATE TABLE IF NOT EXISTS "authusers_review" ("id" integer NOT NULL PRIMARY KEY AUTOINCREMENT, "name" varchar(1000) NOT NULL, "subject" varchar(1000) NOT NULL, "email" varchar(254) NOT NULL, "status" varchar(1000) NOT NULL, "review" text NOT NULL, "date_added" datetime NULL);
CREATE TABLE IF NOT EXISTS "authusers_support_and_customerservice" ("id" integer NOT NULL PRIMARY KEY AUTOINCREMENT, "title" varchar(10000) NOT NULL, "content" text NOT NULL, "link" varchar(200) NULL);
CREATE TABLE IF NOT EXISTS "authusers_profile" ("id" integer NOT NULL PRIMARY KEY AUTOINCREMENT, "first_name" varchar(1000) NULL, "last_name" varchar(1000) NULL, "email" varchar(254) NULL, "bio" varchar(1000) NULL, "aboutme" text NULL, "country" varchar(1000) NULL, "cover_photo" varchar(100) NOT NULL, "image" varchar(100) NOT NULL, "joined" datetime NULL, "creator" bool NOT NULL, "normal_user" bool NOT NULL, "facebook" varchar(10000) NULL, "dribble" varchar(10000) NULL, "twitter" varchar(10000) NULL, "instagram" varchar(10000) NULL, "behance" varchar(10000) NULL, "user_id" integer NOT NULL UNIQUE REFERENCES "auth_user" ("id") DEFERRABLE INITIALLY DEFERRED);
INSERT INTO authusers_profile VALUES(1,'Destiny','Franks','desphixs@gmail.com','Graphics Designer','','Nigeria','default.jpg','profile_pic/desphixs_Circle_Purple.png','2022-02-08 11:50:59.100378',0,1,NULL,NULL,NULL,NULL,NULL,1);
CREATE TABLE IF NOT EXISTS "authusers_newsletter" ("id" integer NOT NULL PRIMARY KEY AUTOINCREMENT, "email" varchar(254) NOT NULL, "user_id" integer NOT NULL REFERENCES "auth_user" ("id") DEFERRABLE INITIALLY DEFERRED);
CREATE TABLE IF NOT EXISTS "authusers_modelnotes" ("id" integer NOT NULL PRIMARY KEY AUTOINCREMENT, "title" varchar(1000) NULL, "content" text NULL, "date_added" datetime NOT NULL, "usernote_id" integer NOT NULL REFERENCES "auth_user" ("id") DEFERRABLE INITIALLY DEFERRED);
CREATE TABLE IF NOT EXISTS "django_session" ("session_key" varchar(40) NOT NULL PRIMARY KEY, "session_data" text NOT NULL, "expire_date" datetime NOT NULL);
INSERT INTO django_session VALUES('domqtshn8o4hu1rctoi2tcgij3zphtt1','.eJxVjDsOwjAQBe_iGll2_KekzxmsXXuNA8iR4qRC3J1ESgHtm5n3ZhG2tcat0xKnzK5MssvvhpCe1A6QH9DuM09zW5cJ-aHwk3Y-zplet9P9O6jQ615jQW9Igg9KYLHK7qkpLgQpipXFqULJaEuU1DBYrSlppEQA3mBwVrDPF_9WOJ8:1n3Snm:HpI5IJkOg9ZRB34PRrJ_4VoS5UN9t7SFdx7UVbWDDsE','2022-01-15 01:03:18.837675');
INSERT INTO django_session VALUES('6kpfl55nxgpbm9llqf7fwo46bbl3dbb4','.eJxVjDsOwjAQBe_iGll2_KekzxmsXXuNA8iR4qRC3J1ESgHtm5n3ZhG2tcat0xKnzK5MssvvhpCe1A6QH9DuM09zW5cJ-aHwk3Y-zplet9P9O6jQ615jQW9Igg9KYLHK7qkpLgQpipXFqULJaEuU1DBYrSlppEQA3mBwVrDPF_9WOJ8:1nH8hN:IKXr19CWamdhHrdg-DAbrMPqcrScFhjWoOX1bedX7ZU','2022-02-21 18:25:13.453729');
INSERT INTO django_session VALUES('4tszcbauyr0mph0uaurqpfsjnx692c2m','.eJxVjDsOwjAQBe_iGll2_KekzxmsXXuNA8iR4qRC3J1ESgHtm5n3ZhG2tcat0xKnzK5MssvvhpCe1A6QH9DuM09zW5cJ-aHwk3Y-zplet9P9O6jQ615jQW9Igg9KYLHK7qkpLgQpipXFqULJaEuU1DBYrSlppEQA3mBwVrDPF_9WOJ8:1nHA3y:u3go0IZh6RK95AmBFnMXknp15CENOu2LVbejmbDkl5w','2022-02-21 19:52:38.347705');
INSERT INTO django_session VALUES('ekl9s4ba7wsw7gu0v9nbnsqde42onmcv','.eJxVjEsOAiEQBe_C2pBGGmhduvcMpPnJqIFkmFkZ766TzEK3r6reS3hel-rXkWc_JXEWWhx-t8DxkdsG0p3brcvY2zJPQW6K3OmQ157y87K7fweVR_3W4KwqEa1zgQwEwlJM4QwKj0T5RBg1BSalWaEyGIGAEmdnwXKyTov3B8pNNxs:1nHQa1:AwUex-VsuzxVHMzG3AMytXEz6BwPvOuNa_xMZubKsqI','2022-02-22 13:30:49.910808');
INSERT INTO django_session VALUES('6eyk5f8ibclyjcyuj474rq08bf7lmk5r','e30:1nI9eE:0O8E9JO_XKhtxNzPxPzE3CAGTA1YGJbuSWpJwUIrx0g','2022-02-24 13:38:10.335084');
INSERT INTO django_session VALUES('nd5t6y0fuy6epgblkfcsw0fhf4gs271x','e30:1nI9eg:9rp6y5YDcLIIKxtDybXlr7Bpl10Vt_NOV-x2zcwtxCE','2022-02-24 13:38:38.665574');
INSERT INTO django_session VALUES('f4cepdbcwpmnei9058tkakcnf6c4u05d','e30:1nI9fI:MfDmdmzEUs9QfHDeiD-Ll3GkmVnqaNLmPfBgCva-bws','2022-02-24 13:39:16.210494');
INSERT INTO django_session VALUES('4k2m7yx9apm4hi825vtoic90jzi4xe3i','e30:1nI9gX:wvyDlrQ45PlITMkUUo8fKvBt5F1XzBRhx_vevgZmCw0','2022-02-24 13:40:33.834585');
INSERT INTO django_session VALUES('e66exlvy0vtweu9726ft9czwyiw2i2bl','.eJxVjDsOwjAQBe_iGll2_KekzxmsXXuNA8iR4qRC3J1ESgHtm5n3ZhG2tcat0xKnzK5MssvvhpCe1A6QH9DuM09zW5cJ-aHwk3Y-zplet9P9O6jQ615jQW9Igg9KYLHK7qkpLgQpipXFqULJaEuU1DBYrSlppEQA3mBwVrDPF_9WOJ8:1nIvfY:PRW_M8Q9bxTrjSCSYGFADh4IWAeRy3wxdttyalW0Q74','2022-02-26 16:54:44.225635');
INSERT INTO django_session VALUES('751rnbxxdjc49v1qnz8jrpzdslqnl61j','.eJxVjEsOAiEQBe_C2pBGGmhduvcMpPnJqIFkmFkZ766TzEK3r6reS3hel-rXkWc_JXEWWhx-t8DxkdsG0p3brcvY2zJPQW6K3OmQ157y87K7fweVR_3W4KwqEa1zgQwEwlJM4QwKj0T5RBg1BSalWaEyGIGAEmdnwXKyTov3B8pNNxs:1nIx1B:HqzF7GenVDxCOM_0UnEGeo_TotR4sdZtkUF5Q3iJ1C0','2022-02-26 18:21:09.649888');
INSERT INTO django_session VALUES('ahodeo8mupihudo4ozdwpfnalpjv9q57','.eJxVjEsOAiEQBe_C2pBGGmhduvcMpPnJqIFkmFkZ766TzEK3r6reS3hel-rXkWc_JXEWWhx-t8DxkdsG0p3brcvY2zJPQW6K3OmQ157y87K7fweVR_3W4KwqEa1zgQwEwlJM4QwKj0T5RBg1BSalWaEyGIGAEmdnwXKyTov3B8pNNxs:1nJMeQ:hZDFdc6V4ejNb6sEvW2QH2dX4BV_qcoEgRAAc8TNGuI','2022-02-27 21:43:22.097927');
INSERT INTO django_session VALUES('10zgta9hi9tnankzfzo5yqy6m93h76m9','.eJxVjDsOwjAQBe_iGll2_KekzxmsXXuNA8iR4qRC3J1ESgHtm5n3ZhG2tcat0xKnzK5MssvvhpCe1A6QH9DuM09zW5cJ-aHwk3Y-zplet9P9O6jQ615jQW9Igg9KYLHK7qkpLgQpipXFqULJaEuU1DBYrSlppEQA3mBwVrDPF_9WOJ8:1nJNnG:Di9HsW8Cg3LtfILv3I8th2i5GvaflVI_6KfAJnIszuQ','2022-02-27 22:56:34.637728');
INSERT INTO django_session VALUES('0lrjhydkyrarqdq7js0cd1ndg2w4di54','.eJxVjEsOAiEQBe_C2pBGGmhduvcMpPnJqIFkmFkZ766TzEK3r6reS3hel-rXkWc_JXEWWhx-t8DxkdsG0p3brcvY2zJPQW6K3OmQ157y87K7fweVR_3W4KwqEa1zgQwEwlJM4QwKj0T5RBg1BSalWaEyGIGAEmdnwXKyTov3B8pNNxs:1nJZnu:_SXjLvCBa01bGZp1AQA4pjubErsvLfk7L6oRDZBrxbs','2022-02-28 11:46:02.940498');
INSERT INTO django_session VALUES('ujko11sz60x7bfzj610j8nzpns3gpqst','e30:1ncSQO:2qDNf7-_y9LoYLjEQgpcfNiDF5yqtcsUF1H_ULj5jjM','2022-04-21 13:43:48.840775');
INSERT INTO django_session VALUES('ersb4gxolf25efcvopvub29kyo0f1bvo','e30:1ncSRX:Ybf97FUk6AR_DKV1M_E4aWS2ZlTO4ULNdbbox1waHy8','2022-04-21 13:44:59.046391');
INSERT INTO django_session VALUES('83hgy4t9h8v0pwpak66uugibnpgysu9a','e30:1ncSSW:oqdVcB9iFa9NlM8vmxyVCoBONZtYs-JG_uzOQWPa6_4','2022-04-21 13:46:00.393603');
INSERT INTO django_session VALUES('jvvlk6aed5x0rvlm7rvd51ma8qa76gvu','.eJxVjEEOwiAQRe_C2pBhoMW4dO8ZCDMMUjWQlHbVeHdt0oVu_3vvbyrEdSlh7TKHKamLMl6dfkeK_JS6k_SI9d40t7rME-ld0Qft-taSvK6H-3dQYi_fevTOUQRkRo4EFs5sBbPjQQzyyJLFUjaYsnWDCErCTMYDMAM6IfX-AChOOSg:1ncWYr:KyebVNqAI1U1mb3-3V1IX5PRDRIU6QuI43j7r-AWTpo','2022-04-21 18:08:49.986883');
INSERT INTO django_session VALUES('vozji0lyfyrr3xitdiwn6f4gx6qyesis','.eJxVjEsOAiEQBe_C2pBGGmhduvcMpPnJqIFkmFkZ766TzEK3r6reS3hel-rXkWc_JXEWWhx-t8DxkdsG0p3brcvY2zJPQW6K3OmQ157y87K7fweVR_3W4KwqEa1zgQwEwlJM4QwKj0T5RBg1BSalWaEyGIGAEmdnwXKyTov3B8pNNxs:1ncf8S:bYHyofIgIYfkw1GLUKpy5zpD32fy6Gb01kgS8sV3r6s','2022-04-22 03:18:08.953432');
INSERT INTO django_session VALUES('7mfvpldqcx3vcw05jc58p1sdquh4m7ov','.eJxVjDsOwjAQBe_iGll2_KekzxmsXXuNA8iR4qRC3J1ESgHtm5n3ZhG2tcat0xKnzK5MssvvhpCe1A6QH9DuM09zW5cJ-aHwk3Y-zplet9P9O6jQ615jQW9Igg9KYLHK7qkpLgQpipXFqULJaEuU1DBYrSlppEQA3mBwVrDPF_9WOJ8:1ncfLf:nSgrQ4tCgNkCAiYMtNWzFIXfEsvHt0oj8VyopnoiV9M','2022-04-22 03:31:47.092040');
INSERT INTO django_session VALUES('z4lmd01sotgqd2xcr8swrw6loht9rrof','.eJxVjDsOwjAQBe_iGll2_KekzxmsXXuNA8iR4qRC3J1ESgHtm5n3ZhG2tcat0xKnzK5MssvvhpCe1A6QH9DuM09zW5cJ-aHwk3Y-zplet9P9O6jQ615jQW9Igg9KYLHK7qkpLgQpipXFqULJaEuU1DBYrSlppEQA3mBwVrDPF_9WOJ8:1ndkkE:AZtvyWzDlO-HtITKREc9P5pRPc-K00OFrjvmsB-PUJg','2022-04-25 03:29:38.122757');
INSERT INTO django_session VALUES('jnls7zcnrvensbzux2p8fvvjhkzkfla3','.eJxVjDsOwjAQBe_iGln-YyjpcwZr17vGAeRIcVIh7k4ipYD2zcx7iwTrUtPaeU4jiaswTpx-R4T85LYTekC7TzJPbZlHlLsiD9rlMBG_bof7d1Ch1612DNpkGxCdMsqSDdlsdUGOpOCMmgOx95firC4xKyR2nmL05LT1RYvPFyTQOK8:1pvEVG:GQhDOIZHD5NHd4d_09QC5r5Us12nkIRTffumZrjmYqI','2023-05-20 09:46:58.262704');
INSERT INTO django_session VALUES('vrcsvvkn1iu44tg9eymjb67gv24kgo4z','.eJxVjMEOwiAQBf-FsyFAgQWP3v0GAuwiVQNJaU_Gf9cmPej1zcx7sRC3tYZt0BJmZGcm2el3SzE_qO0A77HdOs-9rcuc-K7wgw5-7UjPy-H-HdQ46rdOEkAVkQqWCMJY5QoZAGPIWyA_GSkhS8y6RItWT2YCi14JpxUmnx17fwDaYzdg:1pvIkO:nH1t9hCb5DY6mV6UkrTaTIlH2ecFn3WV4MzP_q1oI8Q','2023-05-20 14:18:52.416042');
INSERT INTO django_session VALUES('eemcdmbedfhqv8p8edepazyg5dk79ipg','.eJxVjMEOwiAQBf-FsyFAgQWP3v0GAuwiVQNJaU_Gf9cmPej1zcx7sRC3tYZt0BJmZGcm2el3SzE_qO0A77HdOs-9rcuc-K7wgw5-7UjPy-H-HdQ46rdOEkAVkQqWCMJY5QoZAGPIWyA_GSkhS8y6RItWT2YCi14JpxUmnx17fwDaYzdg:1pvYFn:Truhwypg3lUdq_UmTn44ygWVW8UqImeO267nDGvOhYg','2023-05-21 06:52:19.874028');
INSERT INTO django_session VALUES('z13efmn7k3yzfo5hk9vika0126zk76sf','.eJxVjDkOwjAURO_iGlneF0r6nMGy_b9xANlSnFSIu5NIKaCYZt6beZMQt7WGbeASZiBXIhS5_JYp5ie2g8Ajtnunubd1mRM9FHrSQacO-Lqd7t9BjaPu68J4St7JjAgGpLHc7zG6AKrifJacS5WdsByAKYVcR28Eases9gIY-XwBA-E3Vw:1pwQFd:VhqlOctg4zRF42dEcUdmKa--L3nNxT3hWA1l4x_SJKM','2023-05-23 16:31:45.467945');
INSERT INTO django_session VALUES('vxhyntlo654yey9wy4taub3ymgpsg90j','.eJxVjDsOAjEMBe-SGkVy4vwo6TlD5MQWWUCJtJ8KcXdYaQto38y8l8q0rS1vi8x5YnVW4NXpdyxUH9J3wnfqt6Hr6Os8Fb0r-qCLvg6W5-Vw_w4aLe1blyDgjfgkFgUtOu8QUBiMi4mr4eQdBfA1sDXBECM7JxhtAoiGUb0_6KY2-Q:1pxs9X:CcG3Ut86TgGxVDrkWr19ksov23kRmELDAxc0mC-TfkY','2023-05-27 16:31:27.709837');
INSERT INTO django_session VALUES('f573rtpxxewkpciwtw9ze7nw7c0bfgvj','.eJxVjDkOwjAURO_iGlneF0r6nMGy_b9xANlSnFSIu5NIKaCYZt6beZMQt7WGbeASZiBXIhS5_JYp5ie2g8Ajtnunubd1mRM9FHrSQacO-Lqd7t9BjaPu68J4St7JjAgGpLHc7zG6AKrifJacS5WdsByAKYVcR28Eases9gIY-XwBA-E3Vw:1pxt84:zvmDL9RHxLRXdDuBj_osD27gPztJivmsVtU7GajuWY8','2023-05-27 17:34:00.043589');
INSERT INTO django_session VALUES('9sf5xm4y09y1n9e60zer5xia3i1k5hcf','.eJxVjDkOwjAURO_iGlneF0r6nMGy_b9xANlSnFSIu5NIKaCYZt6beZMQt7WGbeASZiBXIhS5_JYp5ie2g8Ajtnunubd1mRM9FHrSQacO-Lqd7t9BjaPu68J4St7JjAgGpLHc7zG6AKrifJacS5WdsByAKYVcR28Eases9gIY-XwBA-E3Vw:1pyQ5D:StWQw_7Id4FzbJ49I34Wxzpo2Hl0N4KnyoqyCtEWc4M','2023-05-29 04:45:15.496004');
INSERT INTO django_session VALUES('6o3p18sqoox8kwf6ks2k3jzuifnigcgj','.eJxVjMsOwiAQRf-FtSFAebp07zeQYQakaiAp7cr479qkC93ec859sQjbWuM28hJnYmemNDv9jgnwkdtO6A7t1jn2ti5z4rvCDzr4tVN-Xg7376DCqN_aK2NdgALaoxNUHLgpTAEnQUlKssZ6X6wJqDAIA8oUjxIo5KIFoXPs_QH58Tf1:1ruqYU:JXiymlbK2QaHTmKyYl4agHSwU5J57WTZugecd44-GNw','2024-04-25 09:17:14.720393');
INSERT INTO django_session VALUES('4pspb9wcfxrhie9t92hrz9gxv5zbr0k4','.eJxVjMsOwiAQRf-FtSFAebp07zeQYQakaiAp7cr479qkC93ec859sQjbWuM28hJnYmemNDv9jgnwkdtO6A7t1jn2ti5z4rvCDzr4tVN-Xg7376DCqN_aK2NdgALaoxNUHLgpTAEnQUlKssZ6X6wJqDAIA8oUjxIo5KIFoXPs_QH58Tf1:1rvJTu:vz-h0x98cAFZovRqEfgUY93Awfvoe1qVCTkvWpFKtGw','2024-04-26 16:10:26.041195');
INSERT INTO django_session VALUES('e05mgx3f432fskxso8dpkpbahgjxca7w','.eJxVjMsOwiAQRf-FtSFAebp07zeQYQakaiAp7cr479qkC93ec859sQjbWuM28hJnYmemNDv9jgnwkdtO6A7t1jn2ti5z4rvCDzr4tVN-Xg7376DCqN_aK2NdgALaoxNUHLgpTAEnQUlKssZ6X6wJqDAIA8oUjxIo5KIFoXPs_QH58Tf1:1rvMU1:JxjqNUr8B3_cJvXo9eZR9dqCTApZJi7HNyZk1wowAAI','2024-04-26 19:22:45.719053');
INSERT INTO django_session VALUES('9iumcv5ockkl9hfdvystdmmefzcfzlhz','.eJxVjMEOwiAQRP-FsyGFpQU8eu83kF1YpGpoUtqT8d9tkx70Npn3Zt4i4LaWsDVewpTEVehBXH5LwvjkepD0wHqfZZzrukwkD0WetMlxTvy6ne7fQcFW9rVXbPNgUWUNFrkHZTKmLpNRFn1MrkPQDHmPBMCxt95kZucIiY2N4vMFIDg5MQ:1rvMit:bzUB7m2IPhmpGITQOeowuBZuqxMNxupfJ_N5xSS0Vtw','2024-04-26 19:38:07.086627');
CREATE TABLE IF NOT EXISTS "post_post_tags" ("id" integer NOT NULL PRIMARY KEY AUTOINCREMENT, "post_id" char(32) NOT NULL REFERENCES "post_post" ("id") DEFERRABLE INITIALLY DEFERRED, "tag_id" integer NOT NULL REFERENCES "post_tag" ("id") DEFERRABLE INITIALLY DEFERRED);
INSERT INTO post_post_tags VALUES(4,'6b0b575ed89a46d69bc7ba22f5e47b82',3);
INSERT INTO post_post_tags VALUES(14,'ca4d252ef5824c168db51c85dbeb440c',9);
INSERT INTO post_post_tags VALUES(60,'a07406a11d854ad8823b74b1fda71023',27);
INSERT INTO post_post_tags VALUES(63,'475c464fa8d14031939ec4bb9fa1e167',30);
INSERT INTO post_post_tags VALUES(64,'475c464fa8d14031939ec4bb9fa1e167',31);
INSERT INTO post_post_tags VALUES(81,'6716d27a4279497faa4a5e26ed76d309',44);
INSERT INTO post_post_tags VALUES(96,'4b8af694cb0a415480d45a47ec093830',44);
INSERT INTO post_post_tags VALUES(107,'f7eb6795216f4b5ba443d98b44dd8dc5',62);
INSERT INTO post_post_tags VALUES(108,'b9af89022e7a4b759b0db832f9884d67',63);
INSERT INTO post_post_tags VALUES(109,'69a202ef0b014655ae0dfdaf556b74e0',64);
INSERT INTO post_post_tags VALUES(110,'5bac7d6353f546e1bac441b7259cedd2',65);
INSERT INTO post_post_tags VALUES(111,'615adf3b65c84fb1950868bd64611fa5',66);
INSERT INTO post_post_tags VALUES(112,'b5f1cbc06ae24149acef6a0c79c1a171',67);
INSERT INTO post_post_tags VALUES(113,'81a57fb804944da198bdc5ec71af0d5d',68);
INSERT INTO post_post_tags VALUES(114,'f7eb6795216f4b5ba443d98b44dd8dc5',64);
INSERT INTO post_post_tags VALUES(115,'f7eb6795216f4b5ba443d98b44dd8dc5',65);
INSERT INTO post_post_tags VALUES(116,'f7eb6795216f4b5ba443d98b44dd8dc5',63);
INSERT INTO post_post_tags VALUES(117,'eebe00aee1ed47fca47db270e5d57a49',33);
INSERT INTO post_post_tags VALUES(118,'eebe00aee1ed47fca47db270e5d57a49',65);
INSERT INTO post_post_tags VALUES(119,'eebe00aee1ed47fca47db270e5d57a49',67);
INSERT INTO post_post_tags VALUES(120,'eebe00aee1ed47fca47db270e5d57a49',69);
INSERT INTO post_post_tags VALUES(121,'eebe00aee1ed47fca47db270e5d57a49',9);
INSERT INTO post_post_tags VALUES(122,'eebe00aee1ed47fca47db270e5d57a49',10);
INSERT INTO post_post_tags VALUES(123,'eebe00aee1ed47fca47db270e5d57a49',62);
INSERT INTO post_post_tags VALUES(124,'eebe00aee1ed47fca47db270e5d57a49',30);
INSERT INTO post_post_tags VALUES(125,'eebe00aee1ed47fca47db270e5d57a49',31);
INSERT INTO post_post_tags VALUES(126,'e31723a792d84ceb9a03da1767813bab',65);
INSERT INTO post_post_tags VALUES(127,'e31723a792d84ceb9a03da1767813bab',33);
INSERT INTO post_post_tags VALUES(128,'e31723a792d84ceb9a03da1767813bab',67);
INSERT INTO post_post_tags VALUES(129,'e31723a792d84ceb9a03da1767813bab',70);
INSERT INTO post_post_tags VALUES(130,'e31723a792d84ceb9a03da1767813bab',44);
INSERT INTO post_post_tags VALUES(131,'e31723a792d84ceb9a03da1767813bab',62);
INSERT INTO post_post_tags VALUES(132,'e31723a792d84ceb9a03da1767813bab',31);
INSERT INTO post_post_tags VALUES(133,'cf12713bf1fd40deb7ce95b5475afb7d',2);
INSERT INTO post_post_tags VALUES(134,'cf12713bf1fd40deb7ce95b5475afb7d',3);
INSERT INTO post_post_tags VALUES(135,'cf12713bf1fd40deb7ce95b5475afb7d',4);
INSERT INTO post_post_tags VALUES(136,'cf12713bf1fd40deb7ce95b5475afb7d',5);
INSERT INTO post_post_tags VALUES(137,'cf12713bf1fd40deb7ce95b5475afb7d',67);
INSERT INTO post_post_tags VALUES(138,'cf12713bf1fd40deb7ce95b5475afb7d',9);
INSERT INTO post_post_tags VALUES(139,'cf12713bf1fd40deb7ce95b5475afb7d',10);
INSERT INTO post_post_tags VALUES(140,'cf12713bf1fd40deb7ce95b5475afb7d',24);
INSERT INTO post_post_tags VALUES(141,'cf12713bf1fd40deb7ce95b5475afb7d',25);
INSERT INTO post_post_tags VALUES(142,'cf12713bf1fd40deb7ce95b5475afb7d',30);
INSERT INTO post_post_tags VALUES(143,'cf12713bf1fd40deb7ce95b5475afb7d',31);
INSERT INTO post_post_tags VALUES(144,'ca4d252ef5824c168db51c85dbeb440c',33);
INSERT INTO post_post_tags VALUES(145,'ca4d252ef5824c168db51c85dbeb440c',2);
INSERT INTO post_post_tags VALUES(146,'ca4d252ef5824c168db51c85dbeb440c',3);
INSERT INTO post_post_tags VALUES(147,'ca4d252ef5824c168db51c85dbeb440c',4);
INSERT INTO post_post_tags VALUES(148,'ca4d252ef5824c168db51c85dbeb440c',67);
INSERT INTO post_post_tags VALUES(149,'ca4d252ef5824c168db51c85dbeb440c',71);
INSERT INTO post_post_tags VALUES(150,'ca4d252ef5824c168db51c85dbeb440c',10);
INSERT INTO post_post_tags VALUES(151,'ca4d252ef5824c168db51c85dbeb440c',29);
INSERT INTO post_post_tags VALUES(152,'ca4d252ef5824c168db51c85dbeb440c',30);
INSERT INTO post_post_tags VALUES(153,'ca4d252ef5824c168db51c85dbeb440c',31);
INSERT INTO post_post_tags VALUES(154,'c91b2ef246d64f51a49d7120a47e0dd1',64);
INSERT INTO post_post_tags VALUES(155,'c91b2ef246d64f51a49d7120a47e0dd1',33);
INSERT INTO post_post_tags VALUES(156,'c91b2ef246d64f51a49d7120a47e0dd1',65);
INSERT INTO post_post_tags VALUES(157,'c91b2ef246d64f51a49d7120a47e0dd1',67);
INSERT INTO post_post_tags VALUES(158,'c91b2ef246d64f51a49d7120a47e0dd1',71);
INSERT INTO post_post_tags VALUES(159,'c91b2ef246d64f51a49d7120a47e0dd1',9);
INSERT INTO post_post_tags VALUES(160,'c91b2ef246d64f51a49d7120a47e0dd1',23);
INSERT INTO post_post_tags VALUES(161,'c91b2ef246d64f51a49d7120a47e0dd1',24);
INSERT INTO post_post_tags VALUES(162,'c91b2ef246d64f51a49d7120a47e0dd1',62);
INSERT INTO post_post_tags VALUES(163,'c91b2ef246d64f51a49d7120a47e0dd1',30);
INSERT INTO post_post_tags VALUES(164,'c91b2ef246d64f51a49d7120a47e0dd1',31);
INSERT INTO post_post_tags VALUES(165,'c7282e7ca6644bedb6d9656a01cc04d5',3);
INSERT INTO post_post_tags VALUES(166,'c7282e7ca6644bedb6d9656a01cc04d5',67);
INSERT INTO post_post_tags VALUES(167,'c7282e7ca6644bedb6d9656a01cc04d5',71);
INSERT INTO post_post_tags VALUES(168,'c7282e7ca6644bedb6d9656a01cc04d5',9);
INSERT INTO post_post_tags VALUES(169,'c7282e7ca6644bedb6d9656a01cc04d5',10);
INSERT INTO post_post_tags VALUES(170,'c7282e7ca6644bedb6d9656a01cc04d5',24);
INSERT INTO post_post_tags VALUES(171,'c7282e7ca6644bedb6d9656a01cc04d5',30);
INSERT INTO post_post_tags VALUES(172,'c7282e7ca6644bedb6d9656a01cc04d5',31);
INSERT INTO post_post_tags VALUES(173,'c68f9e34a62d485a894eed8c18fdf1fa',3);
INSERT INTO post_post_tags VALUES(174,'c68f9e34a62d485a894eed8c18fdf1fa',4);
INSERT INTO post_post_tags VALUES(175,'c68f9e34a62d485a894eed8c18fdf1fa',30);
INSERT INTO post_post_tags VALUES(176,'c68f9e34a62d485a894eed8c18fdf1fa',31);
INSERT INTO post_post_tags VALUES(177,'bb43e6197ec846cfaa5513bfa4c65ee4',72);
INSERT INTO post_post_tags VALUES(178,'bb43e6197ec846cfaa5513bfa4c65ee4',30);
INSERT INTO post_post_tags VALUES(179,'bb43e6197ec846cfaa5513bfa4c65ee4',71);
INSERT INTO post_post_tags VALUES(180,'b5f1cbc06ae24149acef6a0c79c1a171',72);
INSERT INTO post_post_tags VALUES(181,'b5f1cbc06ae24149acef6a0c79c1a171',33);
INSERT INTO post_post_tags VALUES(182,'b5f1cbc06ae24149acef6a0c79c1a171',71);
INSERT INTO post_post_tags VALUES(183,'ac4d0850528f484da2eb3c365d66768a',3);
INSERT INTO post_post_tags VALUES(184,'ac4d0850528f484da2eb3c365d66768a',4);
INSERT INTO post_post_tags VALUES(185,'ac4d0850528f484da2eb3c365d66768a',72);
INSERT INTO post_post_tags VALUES(186,'ac4d0850528f484da2eb3c365d66768a',18);
INSERT INTO post_post_tags VALUES(187,'ac4d0850528f484da2eb3c365d66768a',19);
INSERT INTO post_post_tags VALUES(188,'a8070c54151649bb9acada599a936a50',64);
INSERT INTO post_post_tags VALUES(189,'a8070c54151649bb9acada599a936a50',65);
INSERT INTO post_post_tags VALUES(190,'a8070c54151649bb9acada599a936a50',71);
INSERT INTO post_post_tags VALUES(191,'a8070c54151649bb9acada599a936a50',72);
INSERT INTO post_post_tags VALUES(192,'a8070c54151649bb9acada599a936a50',30);
INSERT INTO post_post_tags VALUES(193,'a8070c54151649bb9acada599a936a50',29);
INSERT INTO post_post_tags VALUES(194,'a8070c54151649bb9acada599a936a50',62);
INSERT INTO post_post_tags VALUES(195,'a8070c54151649bb9acada599a936a50',31);
INSERT INTO post_post_tags VALUES(196,'a3051b2dadc945c29654302f86d91aac',72);
INSERT INTO post_post_tags VALUES(197,'a3051b2dadc945c29654302f86d91aac',9);
INSERT INTO post_post_tags VALUES(198,'a3051b2dadc945c29654302f86d91aac',71);
INSERT INTO post_post_tags VALUES(199,'a3051b2dadc945c29654302f86d91aac',31);
INSERT INTO post_post_tags VALUES(200,'a07406a11d854ad8823b74b1fda71023',7);
INSERT INTO post_post_tags VALUES(201,'a07406a11d854ad8823b74b1fda71023',8);
INSERT INTO post_post_tags VALUES(202,'a07406a11d854ad8823b74b1fda71023',72);
INSERT INTO post_post_tags VALUES(203,'a07406a11d854ad8823b74b1fda71023',73);
INSERT INTO post_post_tags VALUES(204,'a07406a11d854ad8823b74b1fda71023',24);
INSERT INTO post_post_tags VALUES(205,'a07406a11d854ad8823b74b1fda71023',62);
INSERT INTO post_post_tags VALUES(206,'8d70b53a65774664886d865e4fd1bf23',33);
INSERT INTO post_post_tags VALUES(207,'8d70b53a65774664886d865e4fd1bf23',54);
INSERT INTO post_post_tags VALUES(208,'8d70b53a65774664886d865e4fd1bf23',30);
INSERT INTO post_post_tags VALUES(209,'8d70b53a65774664886d865e4fd1bf23',62);
INSERT INTO post_post_tags VALUES(210,'8d70b53a65774664886d865e4fd1bf23',31);
INSERT INTO post_post_tags VALUES(211,'7ea816030e164c0384935aa09a23987c',64);
INSERT INTO post_post_tags VALUES(212,'7ea816030e164c0384935aa09a23987c',65);
INSERT INTO post_post_tags VALUES(213,'7ea816030e164c0384935aa09a23987c',71);
INSERT INTO post_post_tags VALUES(214,'7ea816030e164c0384935aa09a23987c',72);
INSERT INTO post_post_tags VALUES(215,'7ea816030e164c0384935aa09a23987c',44);
INSERT INTO post_post_tags VALUES(216,'7ea816030e164c0384935aa09a23987c',50);
INSERT INTO post_post_tags VALUES(217,'7ea816030e164c0384935aa09a23987c',30);
INSERT INTO post_post_tags VALUES(218,'7ea816030e164c0384935aa09a23987c',62);
INSERT INTO post_post_tags VALUES(219,'7ea816030e164c0384935aa09a23987c',31);
INSERT INTO post_post_tags VALUES(220,'74c3b968b99b48a6a113620e33f66854',3);
INSERT INTO post_post_tags VALUES(221,'74c3b968b99b48a6a113620e33f66854',4);
INSERT INTO post_post_tags VALUES(222,'74c3b968b99b48a6a113620e33f66854',71);
INSERT INTO post_post_tags VALUES(223,'74c3b968b99b48a6a113620e33f66854',72);
INSERT INTO post_post_tags VALUES(224,'74c3b968b99b48a6a113620e33f66854',29);
INSERT INTO post_post_tags VALUES(225,'74c3b968b99b48a6a113620e33f66854',30);
INSERT INTO post_post_tags VALUES(226,'74c3b968b99b48a6a113620e33f66854',31);
INSERT INTO post_post_tags VALUES(227,'6b0b575ed89a46d69bc7ba22f5e47b82',7);
INSERT INTO post_post_tags VALUES(228,'6b0b575ed89a46d69bc7ba22f5e47b82',8);
INSERT INTO post_post_tags VALUES(229,'6b0b575ed89a46d69bc7ba22f5e47b82',9);
INSERT INTO post_post_tags VALUES(230,'6b0b575ed89a46d69bc7ba22f5e47b82',10);
INSERT INTO post_post_tags VALUES(231,'6b0b575ed89a46d69bc7ba22f5e47b82',71);
INSERT INTO post_post_tags VALUES(232,'6b0b575ed89a46d69bc7ba22f5e47b82',72);
INSERT INTO post_post_tags VALUES(233,'6b0b575ed89a46d69bc7ba22f5e47b82',29);
INSERT INTO post_post_tags VALUES(234,'6b0b575ed89a46d69bc7ba22f5e47b82',30);
INSERT INTO post_post_tags VALUES(235,'6b0b575ed89a46d69bc7ba22f5e47b82',31);
INSERT INTO post_post_tags VALUES(236,'6a3e24319a684d26a762733fe40d8402',64);
INSERT INTO post_post_tags VALUES(237,'6a3e24319a684d26a762733fe40d8402',33);
INSERT INTO post_post_tags VALUES(238,'6a3e24319a684d26a762733fe40d8402',72);
INSERT INTO post_post_tags VALUES(239,'6a3e24319a684d26a762733fe40d8402',62);
INSERT INTO post_post_tags VALUES(240,'6a3e24319a684d26a762733fe40d8402',31);
INSERT INTO post_post_tags VALUES(241,'6735255ee20a4d55a707a88881073bf4',62);
INSERT INTO post_post_tags VALUES(242,'6735255ee20a4d55a707a88881073bf4',33);
INSERT INTO post_post_tags VALUES(243,'6735255ee20a4d55a707a88881073bf4',30);
INSERT INTO post_post_tags VALUES(244,'6716d27a4279497faa4a5e26ed76d309',64);
INSERT INTO post_post_tags VALUES(245,'6716d27a4279497faa4a5e26ed76d309',65);
INSERT INTO post_post_tags VALUES(246,'6716d27a4279497faa4a5e26ed76d309',71);
INSERT INTO post_post_tags VALUES(247,'6716d27a4279497faa4a5e26ed76d309',72);
INSERT INTO post_post_tags VALUES(248,'6716d27a4279497faa4a5e26ed76d309',62);
INSERT INTO post_post_tags VALUES(249,'4b8af694cb0a415480d45a47ec093830',72);
INSERT INTO post_post_tags VALUES(250,'475c464fa8d14031939ec4bb9fa1e167',4);
INSERT INTO post_post_tags VALUES(251,'475c464fa8d14031939ec4bb9fa1e167',7);
INSERT INTO post_post_tags VALUES(252,'475c464fa8d14031939ec4bb9fa1e167',8);
INSERT INTO post_post_tags VALUES(253,'475c464fa8d14031939ec4bb9fa1e167',72);
INSERT INTO post_post_tags VALUES(254,'475c464fa8d14031939ec4bb9fa1e167',18);
INSERT INTO post_post_tags VALUES(255,'475c464fa8d14031939ec4bb9fa1e167',19);
INSERT INTO post_post_tags VALUES(256,'475c464fa8d14031939ec4bb9fa1e167',27);
INSERT INTO post_post_tags VALUES(257,'475c464fa8d14031939ec4bb9fa1e167',62);
INSERT INTO post_post_tags VALUES(258,'3b495cd7d8d44fb5a124ff2500c5437a',64);
INSERT INTO post_post_tags VALUES(259,'3b495cd7d8d44fb5a124ff2500c5437a',2);
INSERT INTO post_post_tags VALUES(260,'3b495cd7d8d44fb5a124ff2500c5437a',3);
INSERT INTO post_post_tags VALUES(261,'3b495cd7d8d44fb5a124ff2500c5437a',4);
INSERT INTO post_post_tags VALUES(262,'3b495cd7d8d44fb5a124ff2500c5437a',67);
INSERT INTO post_post_tags VALUES(263,'3b495cd7d8d44fb5a124ff2500c5437a',7);
INSERT INTO post_post_tags VALUES(264,'3b495cd7d8d44fb5a124ff2500c5437a',8);
INSERT INTO post_post_tags VALUES(265,'3b495cd7d8d44fb5a124ff2500c5437a',9);
INSERT INTO post_post_tags VALUES(266,'3b495cd7d8d44fb5a124ff2500c5437a',10);
INSERT INTO post_post_tags VALUES(267,'3b495cd7d8d44fb5a124ff2500c5437a',71);
INSERT INTO post_post_tags VALUES(268,'3b495cd7d8d44fb5a124ff2500c5437a',72);
INSERT INTO post_post_tags VALUES(269,'3b495cd7d8d44fb5a124ff2500c5437a',19);
INSERT INTO post_post_tags VALUES(270,'32e19de4c8df4a00b8177b7b3effafdd',3);
INSERT INTO post_post_tags VALUES(271,'32e19de4c8df4a00b8177b7b3effafdd',5);
INSERT INTO post_post_tags VALUES(272,'306e742e8f1244f5b729496d34506b7c',1);
INSERT INTO post_post_tags VALUES(273,'306e742e8f1244f5b729496d34506b7c',2);
INSERT INTO post_post_tags VALUES(274,'306e742e8f1244f5b729496d34506b7c',3);
INSERT INTO post_post_tags VALUES(275,'306e742e8f1244f5b729496d34506b7c',33);
INSERT INTO post_post_tags VALUES(276,'306e742e8f1244f5b729496d34506b7c',23);
INSERT INTO post_post_tags VALUES(277,'306e742e8f1244f5b729496d34506b7c',24);
INSERT INTO post_post_tags VALUES(278,'306e742e8f1244f5b729496d34506b7c',30);
INSERT INTO post_post_tags VALUES(279,'306e742e8f1244f5b729496d34506b7c',31);
INSERT INTO post_post_tags VALUES(280,'2b0687fc18bb40528a74009932e8479f',3);
INSERT INTO post_post_tags VALUES(281,'2b0687fc18bb40528a74009932e8479f',4);
INSERT INTO post_post_tags VALUES(282,'2b0687fc18bb40528a74009932e8479f',24);
INSERT INTO post_post_tags VALUES(283,'2b0687fc18bb40528a74009932e8479f',30);
INSERT INTO post_post_tags VALUES(284,'2b0687fc18bb40528a74009932e8479f',31);
INSERT INTO post_post_tags VALUES(285,'16c86a2f8d894062bfb1460ff5b12444',64);
INSERT INTO post_post_tags VALUES(286,'16c86a2f8d894062bfb1460ff5b12444',33);
INSERT INTO post_post_tags VALUES(287,'16c86a2f8d894062bfb1460ff5b12444',67);
INSERT INTO post_post_tags VALUES(288,'16c86a2f8d894062bfb1460ff5b12444',72);
INSERT INTO post_post_tags VALUES(289,'16c86a2f8d894062bfb1460ff5b12444',30);
INSERT INTO post_post_tags VALUES(290,'16c86a2f8d894062bfb1460ff5b12444',62);
INSERT INTO post_post_tags VALUES(291,'16c86a2f8d894062bfb1460ff5b12444',31);
INSERT INTO post_post_tags VALUES(292,'0a6e03466a5f4848a1c7d979df1cc40c',23);
INSERT INTO post_post_tags VALUES(293,'0a6e03466a5f4848a1c7d979df1cc40c',25);
INSERT INTO post_post_tags VALUES(294,'0a6e03466a5f4848a1c7d979df1cc40c',29);
INSERT INTO post_post_tags VALUES(295,'0a6e03466a5f4848a1c7d979df1cc40c',30);
INSERT INTO post_post_tags VALUES(296,'0a6e03466a5f4848a1c7d979df1cc40c',31);
INSERT INTO post_post_tags VALUES(297,'093638e25cad41f5b907fc646d53a961',64);
INSERT INTO post_post_tags VALUES(298,'093638e25cad41f5b907fc646d53a961',33);
INSERT INTO post_post_tags VALUES(299,'093638e25cad41f5b907fc646d53a961',67);
INSERT INTO post_post_tags VALUES(300,'093638e25cad41f5b907fc646d53a961',71);
INSERT INTO post_post_tags VALUES(301,'093638e25cad41f5b907fc646d53a961',72);
INSERT INTO post_post_tags VALUES(302,'093638e25cad41f5b907fc646d53a961',44);
INSERT INTO post_post_tags VALUES(303,'093638e25cad41f5b907fc646d53a961',30);
INSERT INTO post_post_tags VALUES(304,'093638e25cad41f5b907fc646d53a961',62);
INSERT INTO post_post_tags VALUES(305,'093638e25cad41f5b907fc646d53a961',31);
CREATE TABLE IF NOT EXISTS "post_post" ("id" char(32) NOT NULL PRIMARY KEY, "picture" varchar(100) NOT NULL, "caption" varchar(10000) NOT NULL, "posted" date NOT NULL, "likes" integer NOT NULL, "user_id" integer NOT NULL REFERENCES "auth_user" ("id") DEFERRABLE INITIALLY DEFERRED);
INSERT INTO post_post VALUES('2b0687fc18bb40528a74009932e8479f','user_1/kazflagkolsai.jpg','Көлсай','2022-01-01',0,1);
INSERT INTO post_post VALUES('6b0b575ed89a46d69bc7ba22f5e47b82','user_3/marbik3.jpg','Кішігірім Фотосессия','2022-01-01',0,3);
INSERT INTO post_post VALUES('093638e25cad41f5b907fc646d53a961','user_1/sduademi.jpg','I люблю SDU ❤️','2022-02-07',1,1);
INSERT INTO post_post VALUES('c91b2ef246d64f51a49d7120a47e0dd1','user_1/sdu_in_night.jpg','I love SDU ❤️','2022-02-07',2,1);
INSERT INTO post_post VALUES('ca4d252ef5824c168db51c85dbeb440c','user_1/sdu_zero_library.jpg','SDU new Library','2022-02-07',0,1);
INSERT INTO post_post VALUES('bb43e6197ec846cfaa5513bfa4c65ee4','user_1/nine_picture_in_one.jpg','Бақытты сәттер','2022-02-08',2,1);
INSERT INTO post_post VALUES('74c3b968b99b48a6a113620e33f66854','user_3/marbik2.jpg','Технопаркта Скейтборд (✿◡‿◡)','2022-02-08',1,3);
INSERT INTO post_post VALUES('eebe00aee1ed47fca47db270e5d57a49','user_1/bota_hb2u.jpg','my birthday','2022-02-10',19,1);
INSERT INTO post_post VALUES('306e742e8f1244f5b729496d34506b7c','user_1/zhapyrakkazflag.jpg','Қазақстан туы','2022-02-10',1,1);
INSERT INTO post_post VALUES('0a6e03466a5f4848a1c7d979df1cc40c','user_1/kolymkuidi.jpg','Күйіп кетпе ЫСТЫҚ ШӘЙ','2022-02-11',1,1);
INSERT INTO post_post VALUES('ac4d0850528f484da2eb3c365d66768a','user_1/keshkibirzdanie.jpg','Кешкі вайб','2022-02-11',2,1);
INSERT INTO post_post VALUES('6735255ee20a4d55a707a88881073bf4','user_3/marbik4.jpg','Медеу','2022-02-11',1,3);
INSERT INTO post_post VALUES('a07406a11d854ad8823b74b1fda71023','user_1/halkbank.jpg','Halyk BANK','2022-02-13',1,1);
INSERT INTO post_post VALUES('475c464fa8d14031939ec4bb9fa1e167','user_1/baiterek.jpg','Nur-Sultan, Baiterek','2022-02-14',1,1);
INSERT INTO post_post VALUES('c68f9e34a62d485a894eed8c18fdf1fa','user_3/marbik1.jpg','Nazarbayev University','2022-02-14',1000,3);
INSERT INTO post_post VALUES('c7282e7ca6644bedb6d9656a01cc04d5','user_1/adamdar.jpg','Бүгінгі күннен естелік','2022-04-06',1,1);
INSERT INTO post_post VALUES('3b495cd7d8d44fb5a124ff2500c5437a','user_1/oyu.jpg','Қазақтың оюларына не жетсін 😍❤️','2022-04-06',2,1);
INSERT INTO post_post VALUES('6a3e24319a684d26a762733fe40d8402','user_1/botainconcert.jpg','лепестки покрытые ранами пахнут слаще','2022-04-06',0,1);
INSERT INTO post_post VALUES('cf12713bf1fd40deb7ce95b5475afb7d','user_1/bota_cartina.jpg','Мен салмаймын постты лайк үшін, бірақ лайк басуды ұмытпа','2022-04-06',20,1);
INSERT INTO post_post VALUES('a8070c54151649bb9acada599a936a50','user_1/sdudala.jpg','СДУ + Тау','2022-04-06',0,1);
INSERT INTO post_post VALUES('6716d27a4279497faa4a5e26ed76d309','user_1/botapicture.jpg','Бұл мен','2022-04-06',0,1);
INSERT INTO post_post VALUES('16c86a2f8d894062bfb1460ff5b12444','user_16/sayat.jpg','От от от души','2022-04-07',2301,16);
INSERT INTO post_post VALUES('a3051b2dadc945c29654302f86d91aac','user_17/pinkipai.jpg','Бұл мен хехехехе','2022-04-07',2,17);
INSERT INTO post_post VALUES('8d70b53a65774664886d865e4fd1bf23','user_18/whitefox1.jpg','Жақсы адамдармен отырыс','2022-04-07',0,18);
INSERT INTO post_post VALUES('32e19de4c8df4a00b8177b7b3effafdd','user_18/oipyrmai.jpg','Ойпырмай','2022-04-07',0,18);
INSERT INTO post_post VALUES('4b8af694cb0a415480d45a47ec093830','user_18/whitefox2.jpg','Сурет','2022-04-07',0,18);
INSERT INTO post_post VALUES('7ea816030e164c0384935aa09a23987c','user_19/guldegenagash.jpg','SDU-дың Сакурасы','2022-04-08',2,19);
INSERT INTO post_post VALUES('e31723a792d84ceb9a03da1767813bab','user_19/mega_night.jpg','Mega ❤️❤️❤️','2022-04-08',0,19);
INSERT INTO post_post VALUES('f7eb6795216f4b5ba443d98b44dd8dc5','user_14/askarsmile.jpg','kulimde :)','2023-05-06',0,14);
INSERT INTO post_post VALUES('b9af89022e7a4b759b0db832f9884d67','user_14/askarmountain.jpg','tauda demalyp','2023-05-06',0,14);
INSERT INTO post_post VALUES('69a202ef0b014655ae0dfdaf556b74e0','user_14/askar_assyl_love.jpg','My love','2023-05-06',0,14);
INSERT INTO post_post VALUES('5bac7d6353f546e1bac441b7259cedd2','user_14/askar_assyl_love2.jpg','I love Assyl','2023-05-06',0,14);
INSERT INTO post_post VALUES('615adf3b65c84fb1950868bd64611fa5','user_13/carpidecachina.jpg','China','2023-05-06',1,13);
INSERT INTO post_post VALUES('b5f1cbc06ae24149acef6a0c79c1a171','user_13/carpidecalight.jpg','lalala','2023-05-06',0,13);
INSERT INTO post_post VALUES('81a57fb804944da198bdc5ec71af0d5d','user_13/carpidecaphone.jpg','Phone','2023-05-06',0,13);
CREATE TABLE IF NOT EXISTS "post_follow" ("id" integer NOT NULL PRIMARY KEY AUTOINCREMENT, "follower_id" integer NOT NULL REFERENCES "auth_user" ("id") DEFERRABLE INITIALLY DEFERRED, "following_id" integer NOT NULL REFERENCES "auth_user" ("id") DEFERRABLE INITIALLY DEFERRED);
INSERT INTO post_follow VALUES(23,1,1);
INSERT INTO post_follow VALUES(24,1,3);
INSERT INTO post_follow VALUES(26,3,1);
INSERT INTO post_follow VALUES(27,3,3);
INSERT INTO post_follow VALUES(29,12,3);
INSERT INTO post_follow VALUES(30,12,1);
INSERT INTO post_follow VALUES(31,12,12);
INSERT INTO post_follow VALUES(32,13,1);
INSERT INTO post_follow VALUES(33,14,3);
INSERT INTO post_follow VALUES(34,14,1);
INSERT INTO post_follow VALUES(35,15,14);
INSERT INTO post_follow VALUES(36,15,13);
INSERT INTO post_follow VALUES(37,15,12);
INSERT INTO post_follow VALUES(38,15,3);
INSERT INTO post_follow VALUES(39,15,1);
INSERT INTO post_follow VALUES(41,16,1);
INSERT INTO post_follow VALUES(43,16,3);
INSERT INTO post_follow VALUES(45,18,1);
INSERT INTO post_follow VALUES(46,18,3);
INSERT INTO post_follow VALUES(47,18,12);
INSERT INTO post_follow VALUES(48,18,15);
INSERT INTO post_follow VALUES(49,18,16);
INSERT INTO post_follow VALUES(50,18,17);
INSERT INTO post_follow VALUES(51,17,1);
INSERT INTO post_follow VALUES(53,19,1);
INSERT INTO post_follow VALUES(54,19,3);
INSERT INTO post_follow VALUES(55,19,15);
INSERT INTO post_follow VALUES(56,1,18);
INSERT INTO post_follow VALUES(60,24,1);
INSERT INTO post_follow VALUES(62,25,15);
INSERT INTO post_follow VALUES(64,25,1);
INSERT INTO post_follow VALUES(65,25,12);
INSERT INTO post_follow VALUES(66,26,19);
INSERT INTO post_follow VALUES(67,26,14);
INSERT INTO post_follow VALUES(68,26,3);
CREATE TABLE IF NOT EXISTS "post_tag" ("id" integer NOT NULL PRIMARY KEY AUTOINCREMENT, "slug" varchar(50) NOT NULL UNIQUE, "title" varchar(75) NOT NULL);
INSERT INTO post_tag VALUES(1,'99a22d86-6a9f-11ec-a1b2-ecf4bb0b97d4','ui&ux');
INSERT INTO post_tag VALUES(2,'9f9b036f-6a9f-11ec-bcc0-ecf4bb0b97d4','design');
INSERT INTO post_tag VALUES(3,'a2de7f65-6a9f-11ec-85f2-ecf4bb0b97d4','photoshop');
INSERT INTO post_tag VALUES(4,'b2d4fcf5-884e-11ec-b17a-ecf4bb0b97d4',' hello');
INSERT INTO post_tag VALUES(5,'b2e74d8c-884e-11ec-bda0-ecf4bb0b97d4',' design');
INSERT INTO post_tag VALUES(7,'dc3d28da-884e-11ec-b50d-ecf4bb0b97d4',' come');
INSERT INTO post_tag VALUES(8,'dc4bf986-884e-11ec-a8a9-ecf4bb0b97d4',' here');
INSERT INTO post_tag VALUES(9,'4781d8bc-884f-11ec-80f3-ecf4bb0b97d4','new');
INSERT INTO post_tag VALUES(10,'4795d62f-884f-11ec-bcbb-ecf4bb0b97d4',' post');
INSERT INTO post_tag VALUES(12,'4582e7c1-88e3-11ec-85ba-ecf4bb0b97d4',' python');
INSERT INTO post_tag VALUES(13,'4594fb60-88e3-11ec-8b25-ecf4bb0b97d4',' django');
INSERT INTO post_tag VALUES(16,'60984a74-8a77-11ec-85e4-ecf4bb0b97d4','hello, come, go');
INSERT INTO post_tag VALUES(18,'7a602e11-8a7c-11ec-a028-ecf4bb0b97d4',' programmer');
INSERT INTO post_tag VALUES(19,'7a6d985f-8a7c-11ec-bc19-ecf4bb0b97d4',' 2022');
INSERT INTO post_tag VALUES(23,'9ac6344c-8b7f-11ec-9577-ecf4bb0b97d4','house');
INSERT INTO post_tag VALUES(24,'9ada66f0-8b7f-11ec-a328-ecf4bb0b97d4',' travel');
INSERT INTO post_tag VALUES(25,'9aec8b0c-8b7f-11ec-92b0-ecf4bb0b97d4',' homesweethome');
INSERT INTO post_tag VALUES(27,'ab228e28-8cd9-11ec-94ac-ecf4bb0b97d4',' youtube');
INSERT INTO post_tag VALUES(29,'3251313a-8d83-11ec-8b36-ecf4bb0b97d4',' model');
INSERT INTO post_tag VALUES(30,'3268da3c-8d83-11ec-95d2-ecf4bb0b97d4',' image');
INSERT INTO post_tag VALUES(31,'327ac548-8d83-11ec-ab0d-ecf4bb0b97d4',' instagram');
INSERT INTO post_tag VALUES(32,'28c0e916-8d92-11ec-be9d-ecf4bb0b97d4','question');
INSERT INTO post_tag VALUES(33,'310d5ebb-b5a8-11ec-9b48-ecf4bb0b97d4','engineer');
INSERT INTO post_tag VALUES(36,'4036820b-b5a8-11ec-ba99-ecf4bb0b97d4',' pray');
INSERT INTO post_tag VALUES(44,'bcc05de6-b5a8-11ec-919a-ecf4bb0b97d4','photography');
INSERT INTO post_tag VALUES(45,'4f6c1ac4-b67b-11ec-bee4-ecf4bb0b97d4','computer');
INSERT INTO post_tag VALUES(46,'4f7cdfc0-b67b-11ec-b94b-ecf4bb0b97d4',' coding');
INSERT INTO post_tag VALUES(48,'19816634-b69e-11ec-a84f-ecf4bb0b97d4','morning');
INSERT INTO post_tag VALUES(50,'199a6891-b69e-11ec-b53f-ecf4bb0b97d4',' sunrise');
INSERT INTO post_tag VALUES(54,'ef6fca7b-b69e-11ec-b2ea-ecf4bb0b97d4','work');
INSERT INTO post_tag VALUES(55,'ef88e181-b69e-11ec-8411-ecf4bb0b97d4',' computer');
INSERT INTO post_tag VALUES(62,'15ddcdfc-ec15-11ed-bf37-9608534b3e39','#happylife');
INSERT INTO post_tag VALUES(63,'34b3fc5c-ec15-11ed-a30e-9608534b3e39','#mountain');
INSERT INTO post_tag VALUES(64,'480371e4-ec15-11ed-8c7c-9608534b3e39','#love #mylove');
INSERT INTO post_tag VALUES(65,'8572445d-ec15-11ed-85af-9608534b3e39','#love_u');
INSERT INTO post_tag VALUES(66,'c73e879d-ec15-11ed-b980-9608534b3e39','#chinaaaahahah');
INSERT INTO post_tag VALUES(67,'df4f814e-ec15-11ed-a870-9608534b3e39','#omirKeremetLike');
INSERT INTO post_tag VALUES(68,'edd5bddd-ec15-11ed-a27d-9608534b3e39','#phone');
INSERT INTO post_tag VALUES(69,'3073be51-f1bc-11ed-8f8f-9608534b3e39','MyBirthday');
INSERT INTO post_tag VALUES(70,'634cd15f-f1bc-11ed-96a8-9608534b3e39','MegaAlmaty');
INSERT INTO post_tag VALUES(71,'d626bd89-f1bc-11ed-ba2c-9608534b3e39','SDU');
INSERT INTO post_tag VALUES(72,'b5bb71b7-f1be-11ed-b06c-9608534b3e39','Әдемі');
INSERT INTO post_tag VALUES(73,'55de0d69-f1bf-11ed-ab0f-9608534b3e39','bank');
CREATE TABLE IF NOT EXISTS "post_stream" ("id" integer NOT NULL PRIMARY KEY AUTOINCREMENT, "following_id" integer NULL REFERENCES "auth_user" ("id") DEFERRABLE INITIALLY DEFERRED, "post_id" char(32) NULL REFERENCES "post_post" ("id") DEFERRABLE INITIALLY DEFERRED, "user_id" integer NOT NULL REFERENCES "auth_user" ("id") DEFERRABLE INITIALLY DEFERRED, "date" datetime NOT NULL);
INSERT INTO post_stream VALUES(136,1,'2b0687fc18bb40528a74009932e8479f',1,'2022-01-01 00:00:00');
INSERT INTO post_stream VALUES(137,1,'093638e25cad41f5b907fc646d53a961',1,'2022-02-07 00:00:00');
INSERT INTO post_stream VALUES(138,1,'c91b2ef246d64f51a49d7120a47e0dd1',1,'2022-02-07 00:00:00');
INSERT INTO post_stream VALUES(139,1,'ca4d252ef5824c168db51c85dbeb440c',1,'2022-02-07 00:00:00');
INSERT INTO post_stream VALUES(140,1,'bb43e6197ec846cfaa5513bfa4c65ee4',1,'2022-02-08 00:00:00');
INSERT INTO post_stream VALUES(141,1,'eebe00aee1ed47fca47db270e5d57a49',1,'2022-02-10 00:00:00');
INSERT INTO post_stream VALUES(142,1,'306e742e8f1244f5b729496d34506b7c',1,'2022-02-10 00:00:00');
INSERT INTO post_stream VALUES(143,1,'0a6e03466a5f4848a1c7d979df1cc40c',1,'2022-02-11 00:00:00');
INSERT INTO post_stream VALUES(144,1,'ac4d0850528f484da2eb3c365d66768a',1,'2022-02-11 00:00:00');
INSERT INTO post_stream VALUES(145,1,'a07406a11d854ad8823b74b1fda71023',1,'2022-02-13 00:00:00');
INSERT INTO post_stream VALUES(146,1,'475c464fa8d14031939ec4bb9fa1e167',1,'2022-02-14 00:00:00');
INSERT INTO post_stream VALUES(147,3,'6b0b575ed89a46d69bc7ba22f5e47b82',1,'2022-01-01 00:00:00');
INSERT INTO post_stream VALUES(148,3,'74c3b968b99b48a6a113620e33f66854',1,'2022-02-08 00:00:00');
INSERT INTO post_stream VALUES(149,3,'6735255ee20a4d55a707a88881073bf4',1,'2022-02-11 00:00:00');
INSERT INTO post_stream VALUES(152,1,'0a6e03466a5f4848a1c7d979df1cc40c',1,'2022-02-11 00:00:00');
INSERT INTO post_stream VALUES(153,1,'0a6e03466a5f4848a1c7d979df1cc40c',1,'2022-02-11 00:00:00');
INSERT INTO post_stream VALUES(154,1,'2b0687fc18bb40528a74009932e8479f',3,'2022-01-01 00:00:00');
INSERT INTO post_stream VALUES(155,1,'093638e25cad41f5b907fc646d53a961',3,'2022-02-07 00:00:00');
INSERT INTO post_stream VALUES(156,1,'c91b2ef246d64f51a49d7120a47e0dd1',3,'2022-02-07 00:00:00');
INSERT INTO post_stream VALUES(157,1,'ca4d252ef5824c168db51c85dbeb440c',3,'2022-02-07 00:00:00');
INSERT INTO post_stream VALUES(158,1,'bb43e6197ec846cfaa5513bfa4c65ee4',3,'2022-02-08 00:00:00');
INSERT INTO post_stream VALUES(159,1,'eebe00aee1ed47fca47db270e5d57a49',3,'2022-02-10 00:00:00');
INSERT INTO post_stream VALUES(160,1,'306e742e8f1244f5b729496d34506b7c',3,'2022-02-10 00:00:00');
INSERT INTO post_stream VALUES(161,1,'0a6e03466a5f4848a1c7d979df1cc40c',3,'2022-02-11 00:00:00');
INSERT INTO post_stream VALUES(162,1,'ac4d0850528f484da2eb3c365d66768a',3,'2022-02-11 00:00:00');
INSERT INTO post_stream VALUES(163,1,'a07406a11d854ad8823b74b1fda71023',3,'2022-02-13 00:00:00');
INSERT INTO post_stream VALUES(164,1,'475c464fa8d14031939ec4bb9fa1e167',3,'2022-02-14 00:00:00');
INSERT INTO post_stream VALUES(165,1,'475c464fa8d14031939ec4bb9fa1e167',1,'2022-02-14 00:00:00');
INSERT INTO post_stream VALUES(166,1,'475c464fa8d14031939ec4bb9fa1e167',3,'2022-02-14 00:00:00');
INSERT INTO post_stream VALUES(167,3,'6b0b575ed89a46d69bc7ba22f5e47b82',3,'2022-01-01 00:00:00');
INSERT INTO post_stream VALUES(168,3,'74c3b968b99b48a6a113620e33f66854',3,'2022-02-08 00:00:00');
INSERT INTO post_stream VALUES(169,3,'6735255ee20a4d55a707a88881073bf4',3,'2022-02-11 00:00:00');
INSERT INTO post_stream VALUES(170,3,'c68f9e34a62d485a894eed8c18fdf1fa',1,'2022-02-14 00:00:00');
INSERT INTO post_stream VALUES(171,3,'c68f9e34a62d485a894eed8c18fdf1fa',3,'2022-02-14 00:00:00');
INSERT INTO post_stream VALUES(172,3,'c68f9e34a62d485a894eed8c18fdf1fa',1,'2022-02-14 00:00:00');
INSERT INTO post_stream VALUES(173,3,'c68f9e34a62d485a894eed8c18fdf1fa',3,'2022-02-14 00:00:00');
INSERT INTO post_stream VALUES(174,3,'c68f9e34a62d485a894eed8c18fdf1fa',1,'2022-02-14 00:00:00');
INSERT INTO post_stream VALUES(175,3,'c68f9e34a62d485a894eed8c18fdf1fa',3,'2022-02-14 00:00:00');
INSERT INTO post_stream VALUES(176,3,'c68f9e34a62d485a894eed8c18fdf1fa',1,'2022-02-14 00:00:00');
INSERT INTO post_stream VALUES(177,3,'c68f9e34a62d485a894eed8c18fdf1fa',3,'2022-02-14 00:00:00');
INSERT INTO post_stream VALUES(178,1,'c7282e7ca6644bedb6d9656a01cc04d5',1,'2022-04-06 00:00:00');
INSERT INTO post_stream VALUES(179,1,'c7282e7ca6644bedb6d9656a01cc04d5',3,'2022-04-06 00:00:00');
INSERT INTO post_stream VALUES(180,1,'c7282e7ca6644bedb6d9656a01cc04d5',1,'2022-04-06 00:00:00');
INSERT INTO post_stream VALUES(181,1,'c7282e7ca6644bedb6d9656a01cc04d5',3,'2022-04-06 00:00:00');
INSERT INTO post_stream VALUES(182,1,'3b495cd7d8d44fb5a124ff2500c5437a',1,'2022-04-06 00:00:00');
INSERT INTO post_stream VALUES(183,1,'3b495cd7d8d44fb5a124ff2500c5437a',3,'2022-04-06 00:00:00');
INSERT INTO post_stream VALUES(184,1,'3b495cd7d8d44fb5a124ff2500c5437a',1,'2022-04-06 00:00:00');
INSERT INTO post_stream VALUES(185,1,'3b495cd7d8d44fb5a124ff2500c5437a',3,'2022-04-06 00:00:00');
INSERT INTO post_stream VALUES(186,1,'6a3e24319a684d26a762733fe40d8402',1,'2022-04-06 00:00:00');
INSERT INTO post_stream VALUES(187,1,'6a3e24319a684d26a762733fe40d8402',3,'2022-04-06 00:00:00');
INSERT INTO post_stream VALUES(188,1,'6a3e24319a684d26a762733fe40d8402',1,'2022-04-06 00:00:00');
INSERT INTO post_stream VALUES(189,1,'6a3e24319a684d26a762733fe40d8402',3,'2022-04-06 00:00:00');
INSERT INTO post_stream VALUES(190,1,'cf12713bf1fd40deb7ce95b5475afb7d',1,'2022-04-06 00:00:00');
INSERT INTO post_stream VALUES(191,1,'cf12713bf1fd40deb7ce95b5475afb7d',3,'2022-04-06 00:00:00');
INSERT INTO post_stream VALUES(192,1,'cf12713bf1fd40deb7ce95b5475afb7d',1,'2022-04-06 00:00:00');
INSERT INTO post_stream VALUES(193,1,'cf12713bf1fd40deb7ce95b5475afb7d',3,'2022-04-06 00:00:00');
INSERT INTO post_stream VALUES(194,1,'a8070c54151649bb9acada599a936a50',1,'2022-04-06 00:00:00');
INSERT INTO post_stream VALUES(195,1,'a8070c54151649bb9acada599a936a50',3,'2022-04-06 00:00:00');
INSERT INTO post_stream VALUES(196,1,'a8070c54151649bb9acada599a936a50',1,'2022-04-06 00:00:00');
INSERT INTO post_stream VALUES(197,1,'a8070c54151649bb9acada599a936a50',3,'2022-04-06 00:00:00');
INSERT INTO post_stream VALUES(198,1,'c7282e7ca6644bedb6d9656a01cc04d5',1,'2022-04-06 00:00:00');
INSERT INTO post_stream VALUES(199,1,'c7282e7ca6644bedb6d9656a01cc04d5',3,'2022-04-06 00:00:00');
INSERT INTO post_stream VALUES(200,1,'6716d27a4279497faa4a5e26ed76d309',1,'2022-04-06 00:00:00');
INSERT INTO post_stream VALUES(201,1,'6716d27a4279497faa4a5e26ed76d309',3,'2022-04-06 00:00:00');
INSERT INTO post_stream VALUES(202,1,'6716d27a4279497faa4a5e26ed76d309',1,'2022-04-06 00:00:00');
INSERT INTO post_stream VALUES(203,1,'6716d27a4279497faa4a5e26ed76d309',3,'2022-04-06 00:00:00');
INSERT INTO post_stream VALUES(204,3,'6b0b575ed89a46d69bc7ba22f5e47b82',12,'2022-01-01 00:00:00');
INSERT INTO post_stream VALUES(205,3,'74c3b968b99b48a6a113620e33f66854',12,'2022-02-08 00:00:00');
INSERT INTO post_stream VALUES(206,3,'6735255ee20a4d55a707a88881073bf4',12,'2022-02-11 00:00:00');
INSERT INTO post_stream VALUES(207,3,'c68f9e34a62d485a894eed8c18fdf1fa',12,'2022-02-14 00:00:00');
INSERT INTO post_stream VALUES(208,1,'2b0687fc18bb40528a74009932e8479f',12,'2022-01-01 00:00:00');
INSERT INTO post_stream VALUES(209,1,'093638e25cad41f5b907fc646d53a961',12,'2022-02-07 00:00:00');
INSERT INTO post_stream VALUES(210,1,'c91b2ef246d64f51a49d7120a47e0dd1',12,'2022-02-07 00:00:00');
INSERT INTO post_stream VALUES(211,1,'ca4d252ef5824c168db51c85dbeb440c',12,'2022-02-07 00:00:00');
INSERT INTO post_stream VALUES(212,1,'bb43e6197ec846cfaa5513bfa4c65ee4',12,'2022-02-08 00:00:00');
INSERT INTO post_stream VALUES(213,1,'eebe00aee1ed47fca47db270e5d57a49',12,'2022-02-10 00:00:00');
INSERT INTO post_stream VALUES(214,1,'306e742e8f1244f5b729496d34506b7c',12,'2022-02-10 00:00:00');
INSERT INTO post_stream VALUES(215,1,'0a6e03466a5f4848a1c7d979df1cc40c',12,'2022-02-11 00:00:00');
INSERT INTO post_stream VALUES(216,1,'ac4d0850528f484da2eb3c365d66768a',12,'2022-02-11 00:00:00');
INSERT INTO post_stream VALUES(217,1,'a07406a11d854ad8823b74b1fda71023',12,'2022-02-13 00:00:00');
INSERT INTO post_stream VALUES(218,1,'475c464fa8d14031939ec4bb9fa1e167',12,'2022-02-14 00:00:00');
INSERT INTO post_stream VALUES(219,1,'c7282e7ca6644bedb6d9656a01cc04d5',12,'2022-04-06 00:00:00');
INSERT INTO post_stream VALUES(220,1,'3b495cd7d8d44fb5a124ff2500c5437a',12,'2022-04-06 00:00:00');
INSERT INTO post_stream VALUES(221,1,'6a3e24319a684d26a762733fe40d8402',12,'2022-04-06 00:00:00');
INSERT INTO post_stream VALUES(222,1,'cf12713bf1fd40deb7ce95b5475afb7d',12,'2022-04-06 00:00:00');
INSERT INTO post_stream VALUES(223,1,'a8070c54151649bb9acada599a936a50',12,'2022-04-06 00:00:00');
INSERT INTO post_stream VALUES(224,1,'6716d27a4279497faa4a5e26ed76d309',12,'2022-04-06 00:00:00');
INSERT INTO post_stream VALUES(225,1,'2b0687fc18bb40528a74009932e8479f',13,'2022-01-01 00:00:00');
INSERT INTO post_stream VALUES(226,1,'093638e25cad41f5b907fc646d53a961',13,'2022-02-07 00:00:00');
INSERT INTO post_stream VALUES(227,1,'c91b2ef246d64f51a49d7120a47e0dd1',13,'2022-02-07 00:00:00');
INSERT INTO post_stream VALUES(228,1,'ca4d252ef5824c168db51c85dbeb440c',13,'2022-02-07 00:00:00');
INSERT INTO post_stream VALUES(229,1,'bb43e6197ec846cfaa5513bfa4c65ee4',13,'2022-02-08 00:00:00');
INSERT INTO post_stream VALUES(230,1,'eebe00aee1ed47fca47db270e5d57a49',13,'2022-02-10 00:00:00');
INSERT INTO post_stream VALUES(231,1,'306e742e8f1244f5b729496d34506b7c',13,'2022-02-10 00:00:00');
INSERT INTO post_stream VALUES(232,1,'0a6e03466a5f4848a1c7d979df1cc40c',13,'2022-02-11 00:00:00');
INSERT INTO post_stream VALUES(233,1,'ac4d0850528f484da2eb3c365d66768a',13,'2022-02-11 00:00:00');
INSERT INTO post_stream VALUES(234,1,'a07406a11d854ad8823b74b1fda71023',13,'2022-02-13 00:00:00');
INSERT INTO post_stream VALUES(235,1,'475c464fa8d14031939ec4bb9fa1e167',13,'2022-02-14 00:00:00');
INSERT INTO post_stream VALUES(236,1,'c7282e7ca6644bedb6d9656a01cc04d5',13,'2022-04-06 00:00:00');
INSERT INTO post_stream VALUES(237,1,'3b495cd7d8d44fb5a124ff2500c5437a',13,'2022-04-06 00:00:00');
INSERT INTO post_stream VALUES(238,1,'6a3e24319a684d26a762733fe40d8402',13,'2022-04-06 00:00:00');
INSERT INTO post_stream VALUES(239,1,'cf12713bf1fd40deb7ce95b5475afb7d',13,'2022-04-06 00:00:00');
INSERT INTO post_stream VALUES(240,1,'a8070c54151649bb9acada599a936a50',13,'2022-04-06 00:00:00');
INSERT INTO post_stream VALUES(241,1,'6716d27a4279497faa4a5e26ed76d309',13,'2022-04-06 00:00:00');
INSERT INTO post_stream VALUES(242,3,'6b0b575ed89a46d69bc7ba22f5e47b82',14,'2022-01-01 00:00:00');
INSERT INTO post_stream VALUES(243,3,'74c3b968b99b48a6a113620e33f66854',14,'2022-02-08 00:00:00');
INSERT INTO post_stream VALUES(244,3,'6735255ee20a4d55a707a88881073bf4',14,'2022-02-11 00:00:00');
INSERT INTO post_stream VALUES(245,3,'c68f9e34a62d485a894eed8c18fdf1fa',14,'2022-02-14 00:00:00');
INSERT INTO post_stream VALUES(246,3,'6b0b575ed89a46d69bc7ba22f5e47b82',14,'2022-01-01 00:00:00');
INSERT INTO post_stream VALUES(247,3,'74c3b968b99b48a6a113620e33f66854',14,'2022-02-08 00:00:00');
INSERT INTO post_stream VALUES(248,3,'6735255ee20a4d55a707a88881073bf4',14,'2022-02-11 00:00:00');
INSERT INTO post_stream VALUES(249,3,'c68f9e34a62d485a894eed8c18fdf1fa',14,'2022-02-14 00:00:00');
INSERT INTO post_stream VALUES(250,1,'2b0687fc18bb40528a74009932e8479f',14,'2022-01-01 00:00:00');
INSERT INTO post_stream VALUES(251,1,'093638e25cad41f5b907fc646d53a961',14,'2022-02-07 00:00:00');
INSERT INTO post_stream VALUES(252,1,'c91b2ef246d64f51a49d7120a47e0dd1',14,'2022-02-07 00:00:00');
INSERT INTO post_stream VALUES(253,1,'ca4d252ef5824c168db51c85dbeb440c',14,'2022-02-07 00:00:00');
INSERT INTO post_stream VALUES(254,1,'bb43e6197ec846cfaa5513bfa4c65ee4',14,'2022-02-08 00:00:00');
INSERT INTO post_stream VALUES(255,1,'eebe00aee1ed47fca47db270e5d57a49',14,'2022-02-10 00:00:00');
INSERT INTO post_stream VALUES(256,1,'306e742e8f1244f5b729496d34506b7c',14,'2022-02-10 00:00:00');
INSERT INTO post_stream VALUES(257,1,'0a6e03466a5f4848a1c7d979df1cc40c',14,'2022-02-11 00:00:00');
INSERT INTO post_stream VALUES(258,1,'ac4d0850528f484da2eb3c365d66768a',14,'2022-02-11 00:00:00');
INSERT INTO post_stream VALUES(259,1,'a07406a11d854ad8823b74b1fda71023',14,'2022-02-13 00:00:00');
INSERT INTO post_stream VALUES(260,1,'475c464fa8d14031939ec4bb9fa1e167',14,'2022-02-14 00:00:00');
INSERT INTO post_stream VALUES(261,1,'c7282e7ca6644bedb6d9656a01cc04d5',14,'2022-04-06 00:00:00');
INSERT INTO post_stream VALUES(262,1,'3b495cd7d8d44fb5a124ff2500c5437a',14,'2022-04-06 00:00:00');
INSERT INTO post_stream VALUES(263,1,'6a3e24319a684d26a762733fe40d8402',14,'2022-04-06 00:00:00');
INSERT INTO post_stream VALUES(264,1,'cf12713bf1fd40deb7ce95b5475afb7d',14,'2022-04-06 00:00:00');
INSERT INTO post_stream VALUES(265,1,'a8070c54151649bb9acada599a936a50',14,'2022-04-06 00:00:00');
INSERT INTO post_stream VALUES(266,1,'6716d27a4279497faa4a5e26ed76d309',14,'2022-04-06 00:00:00');
INSERT INTO post_stream VALUES(267,3,'6b0b575ed89a46d69bc7ba22f5e47b82',15,'2022-01-01 00:00:00');
INSERT INTO post_stream VALUES(268,3,'74c3b968b99b48a6a113620e33f66854',15,'2022-02-08 00:00:00');
INSERT INTO post_stream VALUES(269,3,'6735255ee20a4d55a707a88881073bf4',15,'2022-02-11 00:00:00');
INSERT INTO post_stream VALUES(270,3,'c68f9e34a62d485a894eed8c18fdf1fa',15,'2022-02-14 00:00:00');
INSERT INTO post_stream VALUES(271,1,'2b0687fc18bb40528a74009932e8479f',15,'2022-01-01 00:00:00');
INSERT INTO post_stream VALUES(272,1,'093638e25cad41f5b907fc646d53a961',15,'2022-02-07 00:00:00');
INSERT INTO post_stream VALUES(273,1,'c91b2ef246d64f51a49d7120a47e0dd1',15,'2022-02-07 00:00:00');
INSERT INTO post_stream VALUES(274,1,'ca4d252ef5824c168db51c85dbeb440c',15,'2022-02-07 00:00:00');
INSERT INTO post_stream VALUES(275,1,'bb43e6197ec846cfaa5513bfa4c65ee4',15,'2022-02-08 00:00:00');
INSERT INTO post_stream VALUES(276,1,'eebe00aee1ed47fca47db270e5d57a49',15,'2022-02-10 00:00:00');
INSERT INTO post_stream VALUES(277,1,'306e742e8f1244f5b729496d34506b7c',15,'2022-02-10 00:00:00');
INSERT INTO post_stream VALUES(278,1,'0a6e03466a5f4848a1c7d979df1cc40c',15,'2022-02-11 00:00:00');
INSERT INTO post_stream VALUES(279,1,'ac4d0850528f484da2eb3c365d66768a',15,'2022-02-11 00:00:00');
INSERT INTO post_stream VALUES(280,1,'a07406a11d854ad8823b74b1fda71023',15,'2022-02-13 00:00:00');
INSERT INTO post_stream VALUES(281,1,'475c464fa8d14031939ec4bb9fa1e167',15,'2022-02-14 00:00:00');
INSERT INTO post_stream VALUES(282,1,'c7282e7ca6644bedb6d9656a01cc04d5',15,'2022-04-06 00:00:00');
INSERT INTO post_stream VALUES(283,1,'3b495cd7d8d44fb5a124ff2500c5437a',15,'2022-04-06 00:00:00');
INSERT INTO post_stream VALUES(284,1,'6a3e24319a684d26a762733fe40d8402',15,'2022-04-06 00:00:00');
INSERT INTO post_stream VALUES(285,1,'cf12713bf1fd40deb7ce95b5475afb7d',15,'2022-04-06 00:00:00');
INSERT INTO post_stream VALUES(286,1,'a8070c54151649bb9acada599a936a50',15,'2022-04-06 00:00:00');
INSERT INTO post_stream VALUES(287,1,'6716d27a4279497faa4a5e26ed76d309',15,'2022-04-06 00:00:00');
INSERT INTO post_stream VALUES(288,1,'3b495cd7d8d44fb5a124ff2500c5437a',1,'2022-04-06 00:00:00');
INSERT INTO post_stream VALUES(289,1,'3b495cd7d8d44fb5a124ff2500c5437a',3,'2022-04-06 00:00:00');
INSERT INTO post_stream VALUES(290,1,'3b495cd7d8d44fb5a124ff2500c5437a',12,'2022-04-06 00:00:00');
INSERT INTO post_stream VALUES(291,1,'3b495cd7d8d44fb5a124ff2500c5437a',13,'2022-04-06 00:00:00');
INSERT INTO post_stream VALUES(292,1,'3b495cd7d8d44fb5a124ff2500c5437a',14,'2022-04-06 00:00:00');
INSERT INTO post_stream VALUES(293,1,'3b495cd7d8d44fb5a124ff2500c5437a',15,'2022-04-06 00:00:00');
INSERT INTO post_stream VALUES(311,1,'2b0687fc18bb40528a74009932e8479f',16,'2022-01-01 00:00:00');
INSERT INTO post_stream VALUES(312,1,'093638e25cad41f5b907fc646d53a961',16,'2022-02-07 00:00:00');
INSERT INTO post_stream VALUES(313,1,'c91b2ef246d64f51a49d7120a47e0dd1',16,'2022-02-07 00:00:00');
INSERT INTO post_stream VALUES(314,1,'ca4d252ef5824c168db51c85dbeb440c',16,'2022-02-07 00:00:00');
INSERT INTO post_stream VALUES(315,1,'bb43e6197ec846cfaa5513bfa4c65ee4',16,'2022-02-08 00:00:00');
INSERT INTO post_stream VALUES(316,1,'eebe00aee1ed47fca47db270e5d57a49',16,'2022-02-10 00:00:00');
INSERT INTO post_stream VALUES(317,1,'306e742e8f1244f5b729496d34506b7c',16,'2022-02-10 00:00:00');
INSERT INTO post_stream VALUES(318,1,'0a6e03466a5f4848a1c7d979df1cc40c',16,'2022-02-11 00:00:00');
INSERT INTO post_stream VALUES(319,1,'ac4d0850528f484da2eb3c365d66768a',16,'2022-02-11 00:00:00');
INSERT INTO post_stream VALUES(320,1,'a07406a11d854ad8823b74b1fda71023',16,'2022-02-13 00:00:00');
INSERT INTO post_stream VALUES(321,1,'475c464fa8d14031939ec4bb9fa1e167',16,'2022-02-14 00:00:00');
INSERT INTO post_stream VALUES(322,1,'c7282e7ca6644bedb6d9656a01cc04d5',16,'2022-04-06 00:00:00');
INSERT INTO post_stream VALUES(323,1,'3b495cd7d8d44fb5a124ff2500c5437a',16,'2022-04-06 00:00:00');
INSERT INTO post_stream VALUES(324,1,'6a3e24319a684d26a762733fe40d8402',16,'2022-04-06 00:00:00');
INSERT INTO post_stream VALUES(325,1,'cf12713bf1fd40deb7ce95b5475afb7d',16,'2022-04-06 00:00:00');
INSERT INTO post_stream VALUES(326,1,'a8070c54151649bb9acada599a936a50',16,'2022-04-06 00:00:00');
INSERT INTO post_stream VALUES(327,1,'6716d27a4279497faa4a5e26ed76d309',16,'2022-04-06 00:00:00');
INSERT INTO post_stream VALUES(332,3,'6b0b575ed89a46d69bc7ba22f5e47b82',16,'2022-01-01 00:00:00');
INSERT INTO post_stream VALUES(333,3,'74c3b968b99b48a6a113620e33f66854',16,'2022-02-08 00:00:00');
INSERT INTO post_stream VALUES(334,3,'6735255ee20a4d55a707a88881073bf4',16,'2022-02-11 00:00:00');
INSERT INTO post_stream VALUES(335,3,'c68f9e34a62d485a894eed8c18fdf1fa',16,'2022-02-14 00:00:00');
INSERT INTO post_stream VALUES(336,1,'2b0687fc18bb40528a74009932e8479f',18,'2022-01-01 00:00:00');
INSERT INTO post_stream VALUES(337,1,'093638e25cad41f5b907fc646d53a961',18,'2022-02-07 00:00:00');
INSERT INTO post_stream VALUES(338,1,'c91b2ef246d64f51a49d7120a47e0dd1',18,'2022-02-07 00:00:00');
INSERT INTO post_stream VALUES(339,1,'ca4d252ef5824c168db51c85dbeb440c',18,'2022-02-07 00:00:00');
INSERT INTO post_stream VALUES(340,1,'bb43e6197ec846cfaa5513bfa4c65ee4',18,'2022-02-08 00:00:00');
INSERT INTO post_stream VALUES(341,1,'eebe00aee1ed47fca47db270e5d57a49',18,'2022-02-10 00:00:00');
INSERT INTO post_stream VALUES(342,1,'306e742e8f1244f5b729496d34506b7c',18,'2022-02-10 00:00:00');
INSERT INTO post_stream VALUES(343,1,'0a6e03466a5f4848a1c7d979df1cc40c',18,'2022-02-11 00:00:00');
INSERT INTO post_stream VALUES(344,1,'ac4d0850528f484da2eb3c365d66768a',18,'2022-02-11 00:00:00');
INSERT INTO post_stream VALUES(345,1,'a07406a11d854ad8823b74b1fda71023',18,'2022-02-13 00:00:00');
INSERT INTO post_stream VALUES(346,1,'475c464fa8d14031939ec4bb9fa1e167',18,'2022-02-14 00:00:00');
INSERT INTO post_stream VALUES(347,1,'c7282e7ca6644bedb6d9656a01cc04d5',18,'2022-04-06 00:00:00');
INSERT INTO post_stream VALUES(348,1,'3b495cd7d8d44fb5a124ff2500c5437a',18,'2022-04-06 00:00:00');
INSERT INTO post_stream VALUES(349,1,'6a3e24319a684d26a762733fe40d8402',18,'2022-04-06 00:00:00');
INSERT INTO post_stream VALUES(350,1,'cf12713bf1fd40deb7ce95b5475afb7d',18,'2022-04-06 00:00:00');
INSERT INTO post_stream VALUES(351,1,'a8070c54151649bb9acada599a936a50',18,'2022-04-06 00:00:00');
INSERT INTO post_stream VALUES(352,1,'6716d27a4279497faa4a5e26ed76d309',18,'2022-04-06 00:00:00');
INSERT INTO post_stream VALUES(353,3,'6b0b575ed89a46d69bc7ba22f5e47b82',18,'2022-01-01 00:00:00');
INSERT INTO post_stream VALUES(354,3,'74c3b968b99b48a6a113620e33f66854',18,'2022-02-08 00:00:00');
INSERT INTO post_stream VALUES(355,3,'6735255ee20a4d55a707a88881073bf4',18,'2022-02-11 00:00:00');
INSERT INTO post_stream VALUES(356,3,'c68f9e34a62d485a894eed8c18fdf1fa',18,'2022-02-14 00:00:00');
INSERT INTO post_stream VALUES(357,16,'16c86a2f8d894062bfb1460ff5b12444',18,'2022-04-07 00:00:00');
INSERT INTO post_stream VALUES(358,17,'a3051b2dadc945c29654302f86d91aac',18,'2022-04-07 00:00:00');
INSERT INTO post_stream VALUES(359,17,'a3051b2dadc945c29654302f86d91aac',18,'2022-04-07 00:00:00');
INSERT INTO post_stream VALUES(360,1,'2b0687fc18bb40528a74009932e8479f',17,'2022-01-01 00:00:00');
INSERT INTO post_stream VALUES(361,1,'093638e25cad41f5b907fc646d53a961',17,'2022-02-07 00:00:00');
INSERT INTO post_stream VALUES(362,1,'c91b2ef246d64f51a49d7120a47e0dd1',17,'2022-02-07 00:00:00');
INSERT INTO post_stream VALUES(363,1,'ca4d252ef5824c168db51c85dbeb440c',17,'2022-02-07 00:00:00');
INSERT INTO post_stream VALUES(364,1,'bb43e6197ec846cfaa5513bfa4c65ee4',17,'2022-02-08 00:00:00');
INSERT INTO post_stream VALUES(365,1,'eebe00aee1ed47fca47db270e5d57a49',17,'2022-02-10 00:00:00');
INSERT INTO post_stream VALUES(366,1,'306e742e8f1244f5b729496d34506b7c',17,'2022-02-10 00:00:00');
INSERT INTO post_stream VALUES(367,1,'0a6e03466a5f4848a1c7d979df1cc40c',17,'2022-02-11 00:00:00');
INSERT INTO post_stream VALUES(368,1,'ac4d0850528f484da2eb3c365d66768a',17,'2022-02-11 00:00:00');
INSERT INTO post_stream VALUES(369,1,'a07406a11d854ad8823b74b1fda71023',17,'2022-02-13 00:00:00');
INSERT INTO post_stream VALUES(370,1,'475c464fa8d14031939ec4bb9fa1e167',17,'2022-02-14 00:00:00');
INSERT INTO post_stream VALUES(371,1,'c7282e7ca6644bedb6d9656a01cc04d5',17,'2022-04-06 00:00:00');
INSERT INTO post_stream VALUES(372,1,'3b495cd7d8d44fb5a124ff2500c5437a',17,'2022-04-06 00:00:00');
INSERT INTO post_stream VALUES(373,1,'6a3e24319a684d26a762733fe40d8402',17,'2022-04-06 00:00:00');
INSERT INTO post_stream VALUES(374,1,'cf12713bf1fd40deb7ce95b5475afb7d',17,'2022-04-06 00:00:00');
INSERT INTO post_stream VALUES(375,1,'a8070c54151649bb9acada599a936a50',17,'2022-04-06 00:00:00');
INSERT INTO post_stream VALUES(376,1,'6716d27a4279497faa4a5e26ed76d309',17,'2022-04-06 00:00:00');
INSERT INTO post_stream VALUES(394,1,'2b0687fc18bb40528a74009932e8479f',19,'2022-01-01 00:00:00');
INSERT INTO post_stream VALUES(395,1,'093638e25cad41f5b907fc646d53a961',19,'2022-02-07 00:00:00');
INSERT INTO post_stream VALUES(396,1,'c91b2ef246d64f51a49d7120a47e0dd1',19,'2022-02-07 00:00:00');
INSERT INTO post_stream VALUES(397,1,'ca4d252ef5824c168db51c85dbeb440c',19,'2022-02-07 00:00:00');
INSERT INTO post_stream VALUES(398,1,'bb43e6197ec846cfaa5513bfa4c65ee4',19,'2022-02-08 00:00:00');
INSERT INTO post_stream VALUES(399,1,'eebe00aee1ed47fca47db270e5d57a49',19,'2022-02-10 00:00:00');
INSERT INTO post_stream VALUES(400,1,'306e742e8f1244f5b729496d34506b7c',19,'2022-02-10 00:00:00');
INSERT INTO post_stream VALUES(401,1,'0a6e03466a5f4848a1c7d979df1cc40c',19,'2022-02-11 00:00:00');
INSERT INTO post_stream VALUES(402,1,'ac4d0850528f484da2eb3c365d66768a',19,'2022-02-11 00:00:00');
INSERT INTO post_stream VALUES(403,1,'a07406a11d854ad8823b74b1fda71023',19,'2022-02-13 00:00:00');
INSERT INTO post_stream VALUES(404,1,'475c464fa8d14031939ec4bb9fa1e167',19,'2022-02-14 00:00:00');
INSERT INTO post_stream VALUES(405,1,'c7282e7ca6644bedb6d9656a01cc04d5',19,'2022-04-06 00:00:00');
INSERT INTO post_stream VALUES(406,1,'3b495cd7d8d44fb5a124ff2500c5437a',19,'2022-04-06 00:00:00');
INSERT INTO post_stream VALUES(407,1,'6a3e24319a684d26a762733fe40d8402',19,'2022-04-06 00:00:00');
INSERT INTO post_stream VALUES(408,1,'cf12713bf1fd40deb7ce95b5475afb7d',19,'2022-04-06 00:00:00');
INSERT INTO post_stream VALUES(409,1,'a8070c54151649bb9acada599a936a50',19,'2022-04-06 00:00:00');
INSERT INTO post_stream VALUES(410,1,'6716d27a4279497faa4a5e26ed76d309',19,'2022-04-06 00:00:00');
INSERT INTO post_stream VALUES(411,3,'6b0b575ed89a46d69bc7ba22f5e47b82',19,'2022-01-01 00:00:00');
INSERT INTO post_stream VALUES(412,3,'74c3b968b99b48a6a113620e33f66854',19,'2022-02-08 00:00:00');
INSERT INTO post_stream VALUES(413,3,'6735255ee20a4d55a707a88881073bf4',19,'2022-02-11 00:00:00');
INSERT INTO post_stream VALUES(414,3,'c68f9e34a62d485a894eed8c18fdf1fa',19,'2022-02-14 00:00:00');
INSERT INTO post_stream VALUES(415,18,'8d70b53a65774664886d865e4fd1bf23',1,'2022-04-07 00:00:00');
INSERT INTO post_stream VALUES(416,18,'32e19de4c8df4a00b8177b7b3effafdd',1,'2022-04-07 00:00:00');
INSERT INTO post_stream VALUES(417,18,'4b8af694cb0a415480d45a47ec093830',1,'2022-04-07 00:00:00');
INSERT INTO post_stream VALUES(435,1,'eebe00aee1ed47fca47db270e5d57a49',1,'2022-02-10 00:00:00');
INSERT INTO post_stream VALUES(436,1,'eebe00aee1ed47fca47db270e5d57a49',3,'2022-02-10 00:00:00');
INSERT INTO post_stream VALUES(437,1,'eebe00aee1ed47fca47db270e5d57a49',12,'2022-02-10 00:00:00');
INSERT INTO post_stream VALUES(438,1,'eebe00aee1ed47fca47db270e5d57a49',13,'2022-02-10 00:00:00');
INSERT INTO post_stream VALUES(439,1,'eebe00aee1ed47fca47db270e5d57a49',14,'2022-02-10 00:00:00');
INSERT INTO post_stream VALUES(440,1,'eebe00aee1ed47fca47db270e5d57a49',15,'2022-02-10 00:00:00');
INSERT INTO post_stream VALUES(441,1,'eebe00aee1ed47fca47db270e5d57a49',16,'2022-02-10 00:00:00');
INSERT INTO post_stream VALUES(442,1,'eebe00aee1ed47fca47db270e5d57a49',18,'2022-02-10 00:00:00');
INSERT INTO post_stream VALUES(443,1,'eebe00aee1ed47fca47db270e5d57a49',17,'2022-02-10 00:00:00');
INSERT INTO post_stream VALUES(444,1,'eebe00aee1ed47fca47db270e5d57a49',19,'2022-02-10 00:00:00');
INSERT INTO post_stream VALUES(445,1,'cf12713bf1fd40deb7ce95b5475afb7d',1,'2022-04-06 00:00:00');
INSERT INTO post_stream VALUES(446,1,'cf12713bf1fd40deb7ce95b5475afb7d',3,'2022-04-06 00:00:00');
INSERT INTO post_stream VALUES(447,1,'cf12713bf1fd40deb7ce95b5475afb7d',12,'2022-04-06 00:00:00');
INSERT INTO post_stream VALUES(448,1,'cf12713bf1fd40deb7ce95b5475afb7d',13,'2022-04-06 00:00:00');
INSERT INTO post_stream VALUES(449,1,'cf12713bf1fd40deb7ce95b5475afb7d',14,'2022-04-06 00:00:00');
INSERT INTO post_stream VALUES(450,1,'cf12713bf1fd40deb7ce95b5475afb7d',15,'2022-04-06 00:00:00');
INSERT INTO post_stream VALUES(451,1,'cf12713bf1fd40deb7ce95b5475afb7d',16,'2022-04-06 00:00:00');
INSERT INTO post_stream VALUES(452,1,'cf12713bf1fd40deb7ce95b5475afb7d',18,'2022-04-06 00:00:00');
INSERT INTO post_stream VALUES(453,1,'cf12713bf1fd40deb7ce95b5475afb7d',17,'2022-04-06 00:00:00');
INSERT INTO post_stream VALUES(454,1,'cf12713bf1fd40deb7ce95b5475afb7d',19,'2022-04-06 00:00:00');
INSERT INTO post_stream VALUES(455,1,'ca4d252ef5824c168db51c85dbeb440c',1,'2022-02-07 00:00:00');
INSERT INTO post_stream VALUES(456,1,'ca4d252ef5824c168db51c85dbeb440c',3,'2022-02-07 00:00:00');
INSERT INTO post_stream VALUES(457,1,'ca4d252ef5824c168db51c85dbeb440c',12,'2022-02-07 00:00:00');
INSERT INTO post_stream VALUES(458,1,'ca4d252ef5824c168db51c85dbeb440c',13,'2022-02-07 00:00:00');
INSERT INTO post_stream VALUES(459,1,'ca4d252ef5824c168db51c85dbeb440c',14,'2022-02-07 00:00:00');
INSERT INTO post_stream VALUES(460,1,'ca4d252ef5824c168db51c85dbeb440c',15,'2022-02-07 00:00:00');
INSERT INTO post_stream VALUES(461,1,'ca4d252ef5824c168db51c85dbeb440c',16,'2022-02-07 00:00:00');
INSERT INTO post_stream VALUES(462,1,'ca4d252ef5824c168db51c85dbeb440c',18,'2022-02-07 00:00:00');
INSERT INTO post_stream VALUES(463,1,'ca4d252ef5824c168db51c85dbeb440c',17,'2022-02-07 00:00:00');
INSERT INTO post_stream VALUES(464,1,'ca4d252ef5824c168db51c85dbeb440c',19,'2022-02-07 00:00:00');
INSERT INTO post_stream VALUES(465,1,'c91b2ef246d64f51a49d7120a47e0dd1',1,'2022-02-07 00:00:00');
INSERT INTO post_stream VALUES(466,1,'c91b2ef246d64f51a49d7120a47e0dd1',3,'2022-02-07 00:00:00');
INSERT INTO post_stream VALUES(467,1,'c91b2ef246d64f51a49d7120a47e0dd1',12,'2022-02-07 00:00:00');
INSERT INTO post_stream VALUES(468,1,'c91b2ef246d64f51a49d7120a47e0dd1',13,'2022-02-07 00:00:00');
INSERT INTO post_stream VALUES(469,1,'c91b2ef246d64f51a49d7120a47e0dd1',14,'2022-02-07 00:00:00');
INSERT INTO post_stream VALUES(470,1,'c91b2ef246d64f51a49d7120a47e0dd1',15,'2022-02-07 00:00:00');
INSERT INTO post_stream VALUES(471,1,'c91b2ef246d64f51a49d7120a47e0dd1',16,'2022-02-07 00:00:00');
INSERT INTO post_stream VALUES(472,1,'c91b2ef246d64f51a49d7120a47e0dd1',18,'2022-02-07 00:00:00');
INSERT INTO post_stream VALUES(473,1,'c91b2ef246d64f51a49d7120a47e0dd1',17,'2022-02-07 00:00:00');
INSERT INTO post_stream VALUES(474,1,'c91b2ef246d64f51a49d7120a47e0dd1',19,'2022-02-07 00:00:00');
INSERT INTO post_stream VALUES(475,1,'c91b2ef246d64f51a49d7120a47e0dd1',1,'2022-02-07 00:00:00');
INSERT INTO post_stream VALUES(476,1,'c91b2ef246d64f51a49d7120a47e0dd1',3,'2022-02-07 00:00:00');
INSERT INTO post_stream VALUES(477,1,'c91b2ef246d64f51a49d7120a47e0dd1',12,'2022-02-07 00:00:00');
INSERT INTO post_stream VALUES(478,1,'c91b2ef246d64f51a49d7120a47e0dd1',13,'2022-02-07 00:00:00');
INSERT INTO post_stream VALUES(479,1,'c91b2ef246d64f51a49d7120a47e0dd1',14,'2022-02-07 00:00:00');
INSERT INTO post_stream VALUES(480,1,'c91b2ef246d64f51a49d7120a47e0dd1',15,'2022-02-07 00:00:00');
INSERT INTO post_stream VALUES(481,1,'c91b2ef246d64f51a49d7120a47e0dd1',16,'2022-02-07 00:00:00');
INSERT INTO post_stream VALUES(482,1,'c91b2ef246d64f51a49d7120a47e0dd1',18,'2022-02-07 00:00:00');
INSERT INTO post_stream VALUES(483,1,'c91b2ef246d64f51a49d7120a47e0dd1',17,'2022-02-07 00:00:00');
INSERT INTO post_stream VALUES(484,1,'c91b2ef246d64f51a49d7120a47e0dd1',19,'2022-02-07 00:00:00');
INSERT INTO post_stream VALUES(485,1,'c7282e7ca6644bedb6d9656a01cc04d5',1,'2022-04-06 00:00:00');
INSERT INTO post_stream VALUES(486,1,'c7282e7ca6644bedb6d9656a01cc04d5',3,'2022-04-06 00:00:00');
INSERT INTO post_stream VALUES(487,1,'c7282e7ca6644bedb6d9656a01cc04d5',12,'2022-04-06 00:00:00');
INSERT INTO post_stream VALUES(488,1,'c7282e7ca6644bedb6d9656a01cc04d5',13,'2022-04-06 00:00:00');
INSERT INTO post_stream VALUES(489,1,'c7282e7ca6644bedb6d9656a01cc04d5',14,'2022-04-06 00:00:00');
INSERT INTO post_stream VALUES(490,1,'c7282e7ca6644bedb6d9656a01cc04d5',15,'2022-04-06 00:00:00');
INSERT INTO post_stream VALUES(491,1,'c7282e7ca6644bedb6d9656a01cc04d5',16,'2022-04-06 00:00:00');
INSERT INTO post_stream VALUES(492,1,'c7282e7ca6644bedb6d9656a01cc04d5',18,'2022-04-06 00:00:00');
INSERT INTO post_stream VALUES(493,1,'c7282e7ca6644bedb6d9656a01cc04d5',17,'2022-04-06 00:00:00');
INSERT INTO post_stream VALUES(494,1,'c7282e7ca6644bedb6d9656a01cc04d5',19,'2022-04-06 00:00:00');
INSERT INTO post_stream VALUES(495,3,'c68f9e34a62d485a894eed8c18fdf1fa',1,'2022-02-14 00:00:00');
INSERT INTO post_stream VALUES(496,3,'c68f9e34a62d485a894eed8c18fdf1fa',3,'2022-02-14 00:00:00');
INSERT INTO post_stream VALUES(497,3,'c68f9e34a62d485a894eed8c18fdf1fa',12,'2022-02-14 00:00:00');
INSERT INTO post_stream VALUES(498,3,'c68f9e34a62d485a894eed8c18fdf1fa',14,'2022-02-14 00:00:00');
INSERT INTO post_stream VALUES(499,3,'c68f9e34a62d485a894eed8c18fdf1fa',15,'2022-02-14 00:00:00');
INSERT INTO post_stream VALUES(500,3,'c68f9e34a62d485a894eed8c18fdf1fa',16,'2022-02-14 00:00:00');
INSERT INTO post_stream VALUES(501,3,'c68f9e34a62d485a894eed8c18fdf1fa',18,'2022-02-14 00:00:00');
INSERT INTO post_stream VALUES(502,3,'c68f9e34a62d485a894eed8c18fdf1fa',19,'2022-02-14 00:00:00');
INSERT INTO post_stream VALUES(503,3,'c68f9e34a62d485a894eed8c18fdf1fa',1,'2022-02-14 00:00:00');
INSERT INTO post_stream VALUES(504,3,'c68f9e34a62d485a894eed8c18fdf1fa',3,'2022-02-14 00:00:00');
INSERT INTO post_stream VALUES(505,3,'c68f9e34a62d485a894eed8c18fdf1fa',12,'2022-02-14 00:00:00');
INSERT INTO post_stream VALUES(506,3,'c68f9e34a62d485a894eed8c18fdf1fa',14,'2022-02-14 00:00:00');
INSERT INTO post_stream VALUES(507,3,'c68f9e34a62d485a894eed8c18fdf1fa',15,'2022-02-14 00:00:00');
INSERT INTO post_stream VALUES(508,3,'c68f9e34a62d485a894eed8c18fdf1fa',16,'2022-02-14 00:00:00');
INSERT INTO post_stream VALUES(509,3,'c68f9e34a62d485a894eed8c18fdf1fa',18,'2022-02-14 00:00:00');
INSERT INTO post_stream VALUES(510,3,'c68f9e34a62d485a894eed8c18fdf1fa',19,'2022-02-14 00:00:00');
INSERT INTO post_stream VALUES(511,1,'bb43e6197ec846cfaa5513bfa4c65ee4',1,'2022-02-08 00:00:00');
INSERT INTO post_stream VALUES(512,1,'bb43e6197ec846cfaa5513bfa4c65ee4',3,'2022-02-08 00:00:00');
INSERT INTO post_stream VALUES(513,1,'bb43e6197ec846cfaa5513bfa4c65ee4',12,'2022-02-08 00:00:00');
INSERT INTO post_stream VALUES(514,1,'bb43e6197ec846cfaa5513bfa4c65ee4',13,'2022-02-08 00:00:00');
INSERT INTO post_stream VALUES(515,1,'bb43e6197ec846cfaa5513bfa4c65ee4',14,'2022-02-08 00:00:00');
INSERT INTO post_stream VALUES(516,1,'bb43e6197ec846cfaa5513bfa4c65ee4',15,'2022-02-08 00:00:00');
INSERT INTO post_stream VALUES(517,1,'bb43e6197ec846cfaa5513bfa4c65ee4',16,'2022-02-08 00:00:00');
INSERT INTO post_stream VALUES(518,1,'bb43e6197ec846cfaa5513bfa4c65ee4',18,'2022-02-08 00:00:00');
INSERT INTO post_stream VALUES(519,1,'bb43e6197ec846cfaa5513bfa4c65ee4',17,'2022-02-08 00:00:00');
INSERT INTO post_stream VALUES(520,1,'bb43e6197ec846cfaa5513bfa4c65ee4',19,'2022-02-08 00:00:00');
INSERT INTO post_stream VALUES(521,1,'ac4d0850528f484da2eb3c365d66768a',1,'2022-02-11 00:00:00');
INSERT INTO post_stream VALUES(522,1,'ac4d0850528f484da2eb3c365d66768a',3,'2022-02-11 00:00:00');
INSERT INTO post_stream VALUES(523,1,'ac4d0850528f484da2eb3c365d66768a',12,'2022-02-11 00:00:00');
INSERT INTO post_stream VALUES(524,1,'ac4d0850528f484da2eb3c365d66768a',13,'2022-02-11 00:00:00');
INSERT INTO post_stream VALUES(525,1,'ac4d0850528f484da2eb3c365d66768a',14,'2022-02-11 00:00:00');
INSERT INTO post_stream VALUES(526,1,'ac4d0850528f484da2eb3c365d66768a',15,'2022-02-11 00:00:00');
INSERT INTO post_stream VALUES(527,1,'ac4d0850528f484da2eb3c365d66768a',16,'2022-02-11 00:00:00');
INSERT INTO post_stream VALUES(528,1,'ac4d0850528f484da2eb3c365d66768a',18,'2022-02-11 00:00:00');
INSERT INTO post_stream VALUES(529,1,'ac4d0850528f484da2eb3c365d66768a',17,'2022-02-11 00:00:00');
INSERT INTO post_stream VALUES(530,1,'ac4d0850528f484da2eb3c365d66768a',19,'2022-02-11 00:00:00');
INSERT INTO post_stream VALUES(531,1,'a8070c54151649bb9acada599a936a50',1,'2022-04-06 00:00:00');
INSERT INTO post_stream VALUES(532,1,'a8070c54151649bb9acada599a936a50',3,'2022-04-06 00:00:00');
INSERT INTO post_stream VALUES(533,1,'a8070c54151649bb9acada599a936a50',12,'2022-04-06 00:00:00');
INSERT INTO post_stream VALUES(534,1,'a8070c54151649bb9acada599a936a50',13,'2022-04-06 00:00:00');
INSERT INTO post_stream VALUES(535,1,'a8070c54151649bb9acada599a936a50',14,'2022-04-06 00:00:00');
INSERT INTO post_stream VALUES(536,1,'a8070c54151649bb9acada599a936a50',15,'2022-04-06 00:00:00');
INSERT INTO post_stream VALUES(537,1,'a8070c54151649bb9acada599a936a50',16,'2022-04-06 00:00:00');
INSERT INTO post_stream VALUES(538,1,'a8070c54151649bb9acada599a936a50',18,'2022-04-06 00:00:00');
INSERT INTO post_stream VALUES(539,1,'a8070c54151649bb9acada599a936a50',17,'2022-04-06 00:00:00');
INSERT INTO post_stream VALUES(540,1,'a8070c54151649bb9acada599a936a50',19,'2022-04-06 00:00:00');
INSERT INTO post_stream VALUES(541,17,'a3051b2dadc945c29654302f86d91aac',18,'2022-04-07 00:00:00');
INSERT INTO post_stream VALUES(542,1,'a07406a11d854ad8823b74b1fda71023',1,'2022-02-13 00:00:00');
INSERT INTO post_stream VALUES(543,1,'a07406a11d854ad8823b74b1fda71023',3,'2022-02-13 00:00:00');
INSERT INTO post_stream VALUES(544,1,'a07406a11d854ad8823b74b1fda71023',12,'2022-02-13 00:00:00');
INSERT INTO post_stream VALUES(545,1,'a07406a11d854ad8823b74b1fda71023',13,'2022-02-13 00:00:00');
INSERT INTO post_stream VALUES(546,1,'a07406a11d854ad8823b74b1fda71023',14,'2022-02-13 00:00:00');
INSERT INTO post_stream VALUES(547,1,'a07406a11d854ad8823b74b1fda71023',15,'2022-02-13 00:00:00');
INSERT INTO post_stream VALUES(548,1,'a07406a11d854ad8823b74b1fda71023',16,'2022-02-13 00:00:00');
INSERT INTO post_stream VALUES(549,1,'a07406a11d854ad8823b74b1fda71023',18,'2022-02-13 00:00:00');
INSERT INTO post_stream VALUES(550,1,'a07406a11d854ad8823b74b1fda71023',17,'2022-02-13 00:00:00');
INSERT INTO post_stream VALUES(551,1,'a07406a11d854ad8823b74b1fda71023',19,'2022-02-13 00:00:00');
INSERT INTO post_stream VALUES(552,18,'8d70b53a65774664886d865e4fd1bf23',1,'2022-04-07 00:00:00');
INSERT INTO post_stream VALUES(553,3,'74c3b968b99b48a6a113620e33f66854',1,'2022-02-08 00:00:00');
INSERT INTO post_stream VALUES(554,3,'74c3b968b99b48a6a113620e33f66854',3,'2022-02-08 00:00:00');
INSERT INTO post_stream VALUES(555,3,'74c3b968b99b48a6a113620e33f66854',12,'2022-02-08 00:00:00');
INSERT INTO post_stream VALUES(556,3,'74c3b968b99b48a6a113620e33f66854',14,'2022-02-08 00:00:00');
INSERT INTO post_stream VALUES(557,3,'74c3b968b99b48a6a113620e33f66854',15,'2022-02-08 00:00:00');
INSERT INTO post_stream VALUES(558,3,'74c3b968b99b48a6a113620e33f66854',16,'2022-02-08 00:00:00');
INSERT INTO post_stream VALUES(559,3,'74c3b968b99b48a6a113620e33f66854',18,'2022-02-08 00:00:00');
INSERT INTO post_stream VALUES(560,3,'74c3b968b99b48a6a113620e33f66854',19,'2022-02-08 00:00:00');
INSERT INTO post_stream VALUES(561,3,'6b0b575ed89a46d69bc7ba22f5e47b82',1,'2022-01-01 00:00:00');
INSERT INTO post_stream VALUES(562,3,'6b0b575ed89a46d69bc7ba22f5e47b82',3,'2022-01-01 00:00:00');
INSERT INTO post_stream VALUES(563,3,'6b0b575ed89a46d69bc7ba22f5e47b82',12,'2022-01-01 00:00:00');
INSERT INTO post_stream VALUES(564,3,'6b0b575ed89a46d69bc7ba22f5e47b82',14,'2022-01-01 00:00:00');
INSERT INTO post_stream VALUES(565,3,'6b0b575ed89a46d69bc7ba22f5e47b82',15,'2022-01-01 00:00:00');
INSERT INTO post_stream VALUES(566,3,'6b0b575ed89a46d69bc7ba22f5e47b82',16,'2022-01-01 00:00:00');
INSERT INTO post_stream VALUES(567,3,'6b0b575ed89a46d69bc7ba22f5e47b82',18,'2022-01-01 00:00:00');
INSERT INTO post_stream VALUES(568,3,'6b0b575ed89a46d69bc7ba22f5e47b82',19,'2022-01-01 00:00:00');
INSERT INTO post_stream VALUES(569,1,'6a3e24319a684d26a762733fe40d8402',1,'2022-04-06 00:00:00');
INSERT INTO post_stream VALUES(570,1,'6a3e24319a684d26a762733fe40d8402',3,'2022-04-06 00:00:00');
INSERT INTO post_stream VALUES(571,1,'6a3e24319a684d26a762733fe40d8402',12,'2022-04-06 00:00:00');
INSERT INTO post_stream VALUES(572,1,'6a3e24319a684d26a762733fe40d8402',13,'2022-04-06 00:00:00');
INSERT INTO post_stream VALUES(573,1,'6a3e24319a684d26a762733fe40d8402',14,'2022-04-06 00:00:00');
INSERT INTO post_stream VALUES(574,1,'6a3e24319a684d26a762733fe40d8402',15,'2022-04-06 00:00:00');
INSERT INTO post_stream VALUES(575,1,'6a3e24319a684d26a762733fe40d8402',16,'2022-04-06 00:00:00');
INSERT INTO post_stream VALUES(576,1,'6a3e24319a684d26a762733fe40d8402',18,'2022-04-06 00:00:00');
INSERT INTO post_stream VALUES(577,1,'6a3e24319a684d26a762733fe40d8402',17,'2022-04-06 00:00:00');
INSERT INTO post_stream VALUES(578,1,'6a3e24319a684d26a762733fe40d8402',19,'2022-04-06 00:00:00');
INSERT INTO post_stream VALUES(579,3,'6735255ee20a4d55a707a88881073bf4',1,'2022-02-11 00:00:00');
INSERT INTO post_stream VALUES(580,3,'6735255ee20a4d55a707a88881073bf4',3,'2022-02-11 00:00:00');
INSERT INTO post_stream VALUES(581,3,'6735255ee20a4d55a707a88881073bf4',12,'2022-02-11 00:00:00');
INSERT INTO post_stream VALUES(582,3,'6735255ee20a4d55a707a88881073bf4',14,'2022-02-11 00:00:00');
INSERT INTO post_stream VALUES(583,3,'6735255ee20a4d55a707a88881073bf4',15,'2022-02-11 00:00:00');
INSERT INTO post_stream VALUES(584,3,'6735255ee20a4d55a707a88881073bf4',16,'2022-02-11 00:00:00');
INSERT INTO post_stream VALUES(585,3,'6735255ee20a4d55a707a88881073bf4',18,'2022-02-11 00:00:00');
INSERT INTO post_stream VALUES(586,3,'6735255ee20a4d55a707a88881073bf4',19,'2022-02-11 00:00:00');
INSERT INTO post_stream VALUES(587,1,'6716d27a4279497faa4a5e26ed76d309',1,'2022-04-06 00:00:00');
INSERT INTO post_stream VALUES(588,1,'6716d27a4279497faa4a5e26ed76d309',3,'2022-04-06 00:00:00');
INSERT INTO post_stream VALUES(589,1,'6716d27a4279497faa4a5e26ed76d309',12,'2022-04-06 00:00:00');
INSERT INTO post_stream VALUES(590,1,'6716d27a4279497faa4a5e26ed76d309',13,'2022-04-06 00:00:00');
INSERT INTO post_stream VALUES(591,1,'6716d27a4279497faa4a5e26ed76d309',14,'2022-04-06 00:00:00');
INSERT INTO post_stream VALUES(592,1,'6716d27a4279497faa4a5e26ed76d309',15,'2022-04-06 00:00:00');
INSERT INTO post_stream VALUES(593,1,'6716d27a4279497faa4a5e26ed76d309',16,'2022-04-06 00:00:00');
INSERT INTO post_stream VALUES(594,1,'6716d27a4279497faa4a5e26ed76d309',18,'2022-04-06 00:00:00');
INSERT INTO post_stream VALUES(595,1,'6716d27a4279497faa4a5e26ed76d309',17,'2022-04-06 00:00:00');
INSERT INTO post_stream VALUES(596,1,'6716d27a4279497faa4a5e26ed76d309',19,'2022-04-06 00:00:00');
INSERT INTO post_stream VALUES(597,18,'4b8af694cb0a415480d45a47ec093830',1,'2022-04-07 00:00:00');
INSERT INTO post_stream VALUES(598,1,'475c464fa8d14031939ec4bb9fa1e167',1,'2022-02-14 00:00:00');
INSERT INTO post_stream VALUES(599,1,'475c464fa8d14031939ec4bb9fa1e167',3,'2022-02-14 00:00:00');
INSERT INTO post_stream VALUES(600,1,'475c464fa8d14031939ec4bb9fa1e167',12,'2022-02-14 00:00:00');
INSERT INTO post_stream VALUES(601,1,'475c464fa8d14031939ec4bb9fa1e167',13,'2022-02-14 00:00:00');
INSERT INTO post_stream VALUES(602,1,'475c464fa8d14031939ec4bb9fa1e167',14,'2022-02-14 00:00:00');
INSERT INTO post_stream VALUES(603,1,'475c464fa8d14031939ec4bb9fa1e167',15,'2022-02-14 00:00:00');
INSERT INTO post_stream VALUES(604,1,'475c464fa8d14031939ec4bb9fa1e167',16,'2022-02-14 00:00:00');
INSERT INTO post_stream VALUES(605,1,'475c464fa8d14031939ec4bb9fa1e167',18,'2022-02-14 00:00:00');
INSERT INTO post_stream VALUES(606,1,'475c464fa8d14031939ec4bb9fa1e167',17,'2022-02-14 00:00:00');
INSERT INTO post_stream VALUES(607,1,'475c464fa8d14031939ec4bb9fa1e167',19,'2022-02-14 00:00:00');
INSERT INTO post_stream VALUES(608,1,'3b495cd7d8d44fb5a124ff2500c5437a',1,'2022-04-06 00:00:00');
INSERT INTO post_stream VALUES(609,1,'3b495cd7d8d44fb5a124ff2500c5437a',3,'2022-04-06 00:00:00');
INSERT INTO post_stream VALUES(610,1,'3b495cd7d8d44fb5a124ff2500c5437a',12,'2022-04-06 00:00:00');
INSERT INTO post_stream VALUES(611,1,'3b495cd7d8d44fb5a124ff2500c5437a',13,'2022-04-06 00:00:00');
INSERT INTO post_stream VALUES(612,1,'3b495cd7d8d44fb5a124ff2500c5437a',14,'2022-04-06 00:00:00');
INSERT INTO post_stream VALUES(613,1,'3b495cd7d8d44fb5a124ff2500c5437a',15,'2022-04-06 00:00:00');
INSERT INTO post_stream VALUES(614,1,'3b495cd7d8d44fb5a124ff2500c5437a',16,'2022-04-06 00:00:00');
INSERT INTO post_stream VALUES(615,1,'3b495cd7d8d44fb5a124ff2500c5437a',18,'2022-04-06 00:00:00');
INSERT INTO post_stream VALUES(616,1,'3b495cd7d8d44fb5a124ff2500c5437a',17,'2022-04-06 00:00:00');
INSERT INTO post_stream VALUES(617,1,'3b495cd7d8d44fb5a124ff2500c5437a',19,'2022-04-06 00:00:00');
INSERT INTO post_stream VALUES(618,18,'32e19de4c8df4a00b8177b7b3effafdd',1,'2022-04-07 00:00:00');
INSERT INTO post_stream VALUES(619,1,'306e742e8f1244f5b729496d34506b7c',1,'2022-02-10 00:00:00');
INSERT INTO post_stream VALUES(620,1,'306e742e8f1244f5b729496d34506b7c',3,'2022-02-10 00:00:00');
INSERT INTO post_stream VALUES(621,1,'306e742e8f1244f5b729496d34506b7c',12,'2022-02-10 00:00:00');
INSERT INTO post_stream VALUES(622,1,'306e742e8f1244f5b729496d34506b7c',13,'2022-02-10 00:00:00');
INSERT INTO post_stream VALUES(623,1,'306e742e8f1244f5b729496d34506b7c',14,'2022-02-10 00:00:00');
INSERT INTO post_stream VALUES(624,1,'306e742e8f1244f5b729496d34506b7c',15,'2022-02-10 00:00:00');
INSERT INTO post_stream VALUES(625,1,'306e742e8f1244f5b729496d34506b7c',16,'2022-02-10 00:00:00');
INSERT INTO post_stream VALUES(626,1,'306e742e8f1244f5b729496d34506b7c',18,'2022-02-10 00:00:00');
INSERT INTO post_stream VALUES(627,1,'306e742e8f1244f5b729496d34506b7c',17,'2022-02-10 00:00:00');
INSERT INTO post_stream VALUES(628,1,'306e742e8f1244f5b729496d34506b7c',19,'2022-02-10 00:00:00');
INSERT INTO post_stream VALUES(629,1,'2b0687fc18bb40528a74009932e8479f',1,'2022-01-01 00:00:00');
INSERT INTO post_stream VALUES(630,1,'2b0687fc18bb40528a74009932e8479f',3,'2022-01-01 00:00:00');
INSERT INTO post_stream VALUES(631,1,'2b0687fc18bb40528a74009932e8479f',12,'2022-01-01 00:00:00');
INSERT INTO post_stream VALUES(632,1,'2b0687fc18bb40528a74009932e8479f',13,'2022-01-01 00:00:00');
INSERT INTO post_stream VALUES(633,1,'2b0687fc18bb40528a74009932e8479f',14,'2022-01-01 00:00:00');
INSERT INTO post_stream VALUES(634,1,'2b0687fc18bb40528a74009932e8479f',15,'2022-01-01 00:00:00');
INSERT INTO post_stream VALUES(635,1,'2b0687fc18bb40528a74009932e8479f',16,'2022-01-01 00:00:00');
INSERT INTO post_stream VALUES(636,1,'2b0687fc18bb40528a74009932e8479f',18,'2022-01-01 00:00:00');
INSERT INTO post_stream VALUES(637,1,'2b0687fc18bb40528a74009932e8479f',17,'2022-01-01 00:00:00');
INSERT INTO post_stream VALUES(638,1,'2b0687fc18bb40528a74009932e8479f',19,'2022-01-01 00:00:00');
INSERT INTO post_stream VALUES(639,16,'16c86a2f8d894062bfb1460ff5b12444',18,'2022-04-07 00:00:00');
INSERT INTO post_stream VALUES(640,1,'0a6e03466a5f4848a1c7d979df1cc40c',1,'2022-02-11 00:00:00');
INSERT INTO post_stream VALUES(641,1,'0a6e03466a5f4848a1c7d979df1cc40c',3,'2022-02-11 00:00:00');
INSERT INTO post_stream VALUES(642,1,'0a6e03466a5f4848a1c7d979df1cc40c',12,'2022-02-11 00:00:00');
INSERT INTO post_stream VALUES(643,1,'0a6e03466a5f4848a1c7d979df1cc40c',13,'2022-02-11 00:00:00');
INSERT INTO post_stream VALUES(644,1,'0a6e03466a5f4848a1c7d979df1cc40c',14,'2022-02-11 00:00:00');
INSERT INTO post_stream VALUES(645,1,'0a6e03466a5f4848a1c7d979df1cc40c',15,'2022-02-11 00:00:00');
INSERT INTO post_stream VALUES(646,1,'0a6e03466a5f4848a1c7d979df1cc40c',16,'2022-02-11 00:00:00');
INSERT INTO post_stream VALUES(647,1,'0a6e03466a5f4848a1c7d979df1cc40c',18,'2022-02-11 00:00:00');
INSERT INTO post_stream VALUES(648,1,'0a6e03466a5f4848a1c7d979df1cc40c',17,'2022-02-11 00:00:00');
INSERT INTO post_stream VALUES(649,1,'0a6e03466a5f4848a1c7d979df1cc40c',19,'2022-02-11 00:00:00');
INSERT INTO post_stream VALUES(650,1,'093638e25cad41f5b907fc646d53a961',1,'2022-02-07 00:00:00');
INSERT INTO post_stream VALUES(651,1,'093638e25cad41f5b907fc646d53a961',3,'2022-02-07 00:00:00');
INSERT INTO post_stream VALUES(652,1,'093638e25cad41f5b907fc646d53a961',12,'2022-02-07 00:00:00');
INSERT INTO post_stream VALUES(653,1,'093638e25cad41f5b907fc646d53a961',13,'2022-02-07 00:00:00');
INSERT INTO post_stream VALUES(654,1,'093638e25cad41f5b907fc646d53a961',14,'2022-02-07 00:00:00');
INSERT INTO post_stream VALUES(655,1,'093638e25cad41f5b907fc646d53a961',15,'2022-02-07 00:00:00');
INSERT INTO post_stream VALUES(656,1,'093638e25cad41f5b907fc646d53a961',16,'2022-02-07 00:00:00');
INSERT INTO post_stream VALUES(657,1,'093638e25cad41f5b907fc646d53a961',18,'2022-02-07 00:00:00');
INSERT INTO post_stream VALUES(658,1,'093638e25cad41f5b907fc646d53a961',17,'2022-02-07 00:00:00');
INSERT INTO post_stream VALUES(659,1,'093638e25cad41f5b907fc646d53a961',19,'2022-02-07 00:00:00');
INSERT INTO post_stream VALUES(660,14,'f7eb6795216f4b5ba443d98b44dd8dc5',15,'2023-05-06 00:00:00');
INSERT INTO post_stream VALUES(661,14,'f7eb6795216f4b5ba443d98b44dd8dc5',15,'2023-05-06 00:00:00');
INSERT INTO post_stream VALUES(662,14,'b9af89022e7a4b759b0db832f9884d67',15,'2023-05-06 00:00:00');
INSERT INTO post_stream VALUES(663,14,'b9af89022e7a4b759b0db832f9884d67',15,'2023-05-06 00:00:00');
INSERT INTO post_stream VALUES(664,14,'69a202ef0b014655ae0dfdaf556b74e0',15,'2023-05-06 00:00:00');
INSERT INTO post_stream VALUES(665,14,'69a202ef0b014655ae0dfdaf556b74e0',15,'2023-05-06 00:00:00');
INSERT INTO post_stream VALUES(666,14,'5bac7d6353f546e1bac441b7259cedd2',15,'2023-05-06 00:00:00');
INSERT INTO post_stream VALUES(667,14,'5bac7d6353f546e1bac441b7259cedd2',15,'2023-05-06 00:00:00');
INSERT INTO post_stream VALUES(668,13,'615adf3b65c84fb1950868bd64611fa5',15,'2023-05-06 00:00:00');
INSERT INTO post_stream VALUES(669,13,'615adf3b65c84fb1950868bd64611fa5',15,'2023-05-06 00:00:00');
INSERT INTO post_stream VALUES(670,13,'615adf3b65c84fb1950868bd64611fa5',15,'2023-05-06 00:00:00');
INSERT INTO post_stream VALUES(671,13,'b5f1cbc06ae24149acef6a0c79c1a171',15,'2023-05-06 00:00:00');
INSERT INTO post_stream VALUES(672,13,'b5f1cbc06ae24149acef6a0c79c1a171',15,'2023-05-06 00:00:00');
INSERT INTO post_stream VALUES(673,13,'81a57fb804944da198bdc5ec71af0d5d',15,'2023-05-06 00:00:00');
INSERT INTO post_stream VALUES(674,13,'81a57fb804944da198bdc5ec71af0d5d',15,'2023-05-06 00:00:00');
INSERT INTO post_stream VALUES(675,3,'6b0b575ed89a46d69bc7ba22f5e47b82',1,'2022-01-01 00:00:00');
INSERT INTO post_stream VALUES(676,3,'6b0b575ed89a46d69bc7ba22f5e47b82',3,'2022-01-01 00:00:00');
INSERT INTO post_stream VALUES(677,3,'6b0b575ed89a46d69bc7ba22f5e47b82',12,'2022-01-01 00:00:00');
INSERT INTO post_stream VALUES(678,3,'6b0b575ed89a46d69bc7ba22f5e47b82',14,'2022-01-01 00:00:00');
INSERT INTO post_stream VALUES(679,3,'6b0b575ed89a46d69bc7ba22f5e47b82',15,'2022-01-01 00:00:00');
INSERT INTO post_stream VALUES(680,3,'6b0b575ed89a46d69bc7ba22f5e47b82',16,'2022-01-01 00:00:00');
INSERT INTO post_stream VALUES(681,3,'6b0b575ed89a46d69bc7ba22f5e47b82',18,'2022-01-01 00:00:00');
INSERT INTO post_stream VALUES(682,3,'6b0b575ed89a46d69bc7ba22f5e47b82',19,'2022-01-01 00:00:00');
INSERT INTO post_stream VALUES(683,14,'f7eb6795216f4b5ba443d98b44dd8dc5',15,'2023-05-06 00:00:00');
INSERT INTO post_stream VALUES(684,1,'eebe00aee1ed47fca47db270e5d57a49',1,'2022-02-10 00:00:00');
INSERT INTO post_stream VALUES(685,1,'eebe00aee1ed47fca47db270e5d57a49',3,'2022-02-10 00:00:00');
INSERT INTO post_stream VALUES(686,1,'eebe00aee1ed47fca47db270e5d57a49',12,'2022-02-10 00:00:00');
INSERT INTO post_stream VALUES(687,1,'eebe00aee1ed47fca47db270e5d57a49',13,'2022-02-10 00:00:00');
INSERT INTO post_stream VALUES(688,1,'eebe00aee1ed47fca47db270e5d57a49',14,'2022-02-10 00:00:00');
INSERT INTO post_stream VALUES(689,1,'eebe00aee1ed47fca47db270e5d57a49',15,'2022-02-10 00:00:00');
INSERT INTO post_stream VALUES(690,1,'eebe00aee1ed47fca47db270e5d57a49',16,'2022-02-10 00:00:00');
INSERT INTO post_stream VALUES(691,1,'eebe00aee1ed47fca47db270e5d57a49',18,'2022-02-10 00:00:00');
INSERT INTO post_stream VALUES(692,1,'eebe00aee1ed47fca47db270e5d57a49',17,'2022-02-10 00:00:00');
INSERT INTO post_stream VALUES(693,1,'eebe00aee1ed47fca47db270e5d57a49',19,'2022-02-10 00:00:00');
INSERT INTO post_stream VALUES(694,14,'f7eb6795216f4b5ba443d98b44dd8dc5',15,'2023-05-06 00:00:00');
INSERT INTO post_stream VALUES(695,1,'eebe00aee1ed47fca47db270e5d57a49',1,'2022-02-10 00:00:00');
INSERT INTO post_stream VALUES(696,1,'eebe00aee1ed47fca47db270e5d57a49',3,'2022-02-10 00:00:00');
INSERT INTO post_stream VALUES(697,1,'eebe00aee1ed47fca47db270e5d57a49',12,'2022-02-10 00:00:00');
INSERT INTO post_stream VALUES(698,1,'eebe00aee1ed47fca47db270e5d57a49',13,'2022-02-10 00:00:00');
INSERT INTO post_stream VALUES(699,1,'eebe00aee1ed47fca47db270e5d57a49',14,'2022-02-10 00:00:00');
INSERT INTO post_stream VALUES(700,1,'eebe00aee1ed47fca47db270e5d57a49',15,'2022-02-10 00:00:00');
INSERT INTO post_stream VALUES(701,1,'eebe00aee1ed47fca47db270e5d57a49',16,'2022-02-10 00:00:00');
INSERT INTO post_stream VALUES(702,1,'eebe00aee1ed47fca47db270e5d57a49',18,'2022-02-10 00:00:00');
INSERT INTO post_stream VALUES(703,1,'eebe00aee1ed47fca47db270e5d57a49',17,'2022-02-10 00:00:00');
INSERT INTO post_stream VALUES(704,1,'eebe00aee1ed47fca47db270e5d57a49',19,'2022-02-10 00:00:00');
INSERT INTO post_stream VALUES(705,1,'cf12713bf1fd40deb7ce95b5475afb7d',1,'2022-04-06 00:00:00');
INSERT INTO post_stream VALUES(706,1,'cf12713bf1fd40deb7ce95b5475afb7d',3,'2022-04-06 00:00:00');
INSERT INTO post_stream VALUES(707,1,'cf12713bf1fd40deb7ce95b5475afb7d',12,'2022-04-06 00:00:00');
INSERT INTO post_stream VALUES(708,1,'cf12713bf1fd40deb7ce95b5475afb7d',13,'2022-04-06 00:00:00');
INSERT INTO post_stream VALUES(709,1,'cf12713bf1fd40deb7ce95b5475afb7d',14,'2022-04-06 00:00:00');
INSERT INTO post_stream VALUES(710,1,'cf12713bf1fd40deb7ce95b5475afb7d',15,'2022-04-06 00:00:00');
INSERT INTO post_stream VALUES(711,1,'cf12713bf1fd40deb7ce95b5475afb7d',16,'2022-04-06 00:00:00');
INSERT INTO post_stream VALUES(712,1,'cf12713bf1fd40deb7ce95b5475afb7d',18,'2022-04-06 00:00:00');
INSERT INTO post_stream VALUES(713,1,'cf12713bf1fd40deb7ce95b5475afb7d',17,'2022-04-06 00:00:00');
INSERT INTO post_stream VALUES(714,1,'cf12713bf1fd40deb7ce95b5475afb7d',19,'2022-04-06 00:00:00');
INSERT INTO post_stream VALUES(715,1,'ca4d252ef5824c168db51c85dbeb440c',1,'2022-02-07 00:00:00');
INSERT INTO post_stream VALUES(716,1,'ca4d252ef5824c168db51c85dbeb440c',3,'2022-02-07 00:00:00');
INSERT INTO post_stream VALUES(717,1,'ca4d252ef5824c168db51c85dbeb440c',12,'2022-02-07 00:00:00');
INSERT INTO post_stream VALUES(718,1,'ca4d252ef5824c168db51c85dbeb440c',13,'2022-02-07 00:00:00');
INSERT INTO post_stream VALUES(719,1,'ca4d252ef5824c168db51c85dbeb440c',14,'2022-02-07 00:00:00');
INSERT INTO post_stream VALUES(720,1,'ca4d252ef5824c168db51c85dbeb440c',15,'2022-02-07 00:00:00');
INSERT INTO post_stream VALUES(721,1,'ca4d252ef5824c168db51c85dbeb440c',16,'2022-02-07 00:00:00');
INSERT INTO post_stream VALUES(722,1,'ca4d252ef5824c168db51c85dbeb440c',18,'2022-02-07 00:00:00');
INSERT INTO post_stream VALUES(723,1,'ca4d252ef5824c168db51c85dbeb440c',17,'2022-02-07 00:00:00');
INSERT INTO post_stream VALUES(724,1,'ca4d252ef5824c168db51c85dbeb440c',19,'2022-02-07 00:00:00');
INSERT INTO post_stream VALUES(725,1,'c91b2ef246d64f51a49d7120a47e0dd1',1,'2022-02-07 00:00:00');
INSERT INTO post_stream VALUES(726,1,'c91b2ef246d64f51a49d7120a47e0dd1',3,'2022-02-07 00:00:00');
INSERT INTO post_stream VALUES(727,1,'c91b2ef246d64f51a49d7120a47e0dd1',12,'2022-02-07 00:00:00');
INSERT INTO post_stream VALUES(728,1,'c91b2ef246d64f51a49d7120a47e0dd1',13,'2022-02-07 00:00:00');
INSERT INTO post_stream VALUES(729,1,'c91b2ef246d64f51a49d7120a47e0dd1',14,'2022-02-07 00:00:00');
INSERT INTO post_stream VALUES(730,1,'c91b2ef246d64f51a49d7120a47e0dd1',15,'2022-02-07 00:00:00');
INSERT INTO post_stream VALUES(731,1,'c91b2ef246d64f51a49d7120a47e0dd1',16,'2022-02-07 00:00:00');
INSERT INTO post_stream VALUES(732,1,'c91b2ef246d64f51a49d7120a47e0dd1',18,'2022-02-07 00:00:00');
INSERT INTO post_stream VALUES(733,1,'c91b2ef246d64f51a49d7120a47e0dd1',17,'2022-02-07 00:00:00');
INSERT INTO post_stream VALUES(734,1,'c91b2ef246d64f51a49d7120a47e0dd1',19,'2022-02-07 00:00:00');
INSERT INTO post_stream VALUES(735,1,'c7282e7ca6644bedb6d9656a01cc04d5',1,'2022-04-06 00:00:00');
INSERT INTO post_stream VALUES(736,1,'c7282e7ca6644bedb6d9656a01cc04d5',3,'2022-04-06 00:00:00');
INSERT INTO post_stream VALUES(737,1,'c7282e7ca6644bedb6d9656a01cc04d5',12,'2022-04-06 00:00:00');
INSERT INTO post_stream VALUES(738,1,'c7282e7ca6644bedb6d9656a01cc04d5',13,'2022-04-06 00:00:00');
INSERT INTO post_stream VALUES(739,1,'c7282e7ca6644bedb6d9656a01cc04d5',14,'2022-04-06 00:00:00');
INSERT INTO post_stream VALUES(740,1,'c7282e7ca6644bedb6d9656a01cc04d5',15,'2022-04-06 00:00:00');
INSERT INTO post_stream VALUES(741,1,'c7282e7ca6644bedb6d9656a01cc04d5',16,'2022-04-06 00:00:00');
INSERT INTO post_stream VALUES(742,1,'c7282e7ca6644bedb6d9656a01cc04d5',18,'2022-04-06 00:00:00');
INSERT INTO post_stream VALUES(743,1,'c7282e7ca6644bedb6d9656a01cc04d5',17,'2022-04-06 00:00:00');
INSERT INTO post_stream VALUES(744,1,'c7282e7ca6644bedb6d9656a01cc04d5',19,'2022-04-06 00:00:00');
INSERT INTO post_stream VALUES(745,3,'c68f9e34a62d485a894eed8c18fdf1fa',1,'2022-02-14 00:00:00');
INSERT INTO post_stream VALUES(746,3,'c68f9e34a62d485a894eed8c18fdf1fa',3,'2022-02-14 00:00:00');
INSERT INTO post_stream VALUES(747,3,'c68f9e34a62d485a894eed8c18fdf1fa',12,'2022-02-14 00:00:00');
INSERT INTO post_stream VALUES(748,3,'c68f9e34a62d485a894eed8c18fdf1fa',14,'2022-02-14 00:00:00');
INSERT INTO post_stream VALUES(749,3,'c68f9e34a62d485a894eed8c18fdf1fa',15,'2022-02-14 00:00:00');
INSERT INTO post_stream VALUES(750,3,'c68f9e34a62d485a894eed8c18fdf1fa',16,'2022-02-14 00:00:00');
INSERT INTO post_stream VALUES(751,3,'c68f9e34a62d485a894eed8c18fdf1fa',18,'2022-02-14 00:00:00');
INSERT INTO post_stream VALUES(752,3,'c68f9e34a62d485a894eed8c18fdf1fa',19,'2022-02-14 00:00:00');
INSERT INTO post_stream VALUES(753,1,'bb43e6197ec846cfaa5513bfa4c65ee4',1,'2022-02-08 00:00:00');
INSERT INTO post_stream VALUES(754,1,'bb43e6197ec846cfaa5513bfa4c65ee4',3,'2022-02-08 00:00:00');
INSERT INTO post_stream VALUES(755,1,'bb43e6197ec846cfaa5513bfa4c65ee4',12,'2022-02-08 00:00:00');
INSERT INTO post_stream VALUES(756,1,'bb43e6197ec846cfaa5513bfa4c65ee4',13,'2022-02-08 00:00:00');
INSERT INTO post_stream VALUES(757,1,'bb43e6197ec846cfaa5513bfa4c65ee4',14,'2022-02-08 00:00:00');
INSERT INTO post_stream VALUES(758,1,'bb43e6197ec846cfaa5513bfa4c65ee4',15,'2022-02-08 00:00:00');
INSERT INTO post_stream VALUES(759,1,'bb43e6197ec846cfaa5513bfa4c65ee4',16,'2022-02-08 00:00:00');
INSERT INTO post_stream VALUES(760,1,'bb43e6197ec846cfaa5513bfa4c65ee4',18,'2022-02-08 00:00:00');
INSERT INTO post_stream VALUES(761,1,'bb43e6197ec846cfaa5513bfa4c65ee4',17,'2022-02-08 00:00:00');
INSERT INTO post_stream VALUES(762,1,'bb43e6197ec846cfaa5513bfa4c65ee4',19,'2022-02-08 00:00:00');
INSERT INTO post_stream VALUES(763,14,'b9af89022e7a4b759b0db832f9884d67',15,'2023-05-06 00:00:00');
INSERT INTO post_stream VALUES(764,13,'b5f1cbc06ae24149acef6a0c79c1a171',15,'2023-05-06 00:00:00');
INSERT INTO post_stream VALUES(765,1,'ac4d0850528f484da2eb3c365d66768a',1,'2022-02-11 00:00:00');
INSERT INTO post_stream VALUES(766,1,'ac4d0850528f484da2eb3c365d66768a',3,'2022-02-11 00:00:00');
INSERT INTO post_stream VALUES(767,1,'ac4d0850528f484da2eb3c365d66768a',12,'2022-02-11 00:00:00');
INSERT INTO post_stream VALUES(768,1,'ac4d0850528f484da2eb3c365d66768a',13,'2022-02-11 00:00:00');
INSERT INTO post_stream VALUES(769,1,'ac4d0850528f484da2eb3c365d66768a',14,'2022-02-11 00:00:00');
INSERT INTO post_stream VALUES(770,1,'ac4d0850528f484da2eb3c365d66768a',15,'2022-02-11 00:00:00');
INSERT INTO post_stream VALUES(771,1,'ac4d0850528f484da2eb3c365d66768a',16,'2022-02-11 00:00:00');
INSERT INTO post_stream VALUES(772,1,'ac4d0850528f484da2eb3c365d66768a',18,'2022-02-11 00:00:00');
INSERT INTO post_stream VALUES(773,1,'ac4d0850528f484da2eb3c365d66768a',17,'2022-02-11 00:00:00');
INSERT INTO post_stream VALUES(774,1,'ac4d0850528f484da2eb3c365d66768a',19,'2022-02-11 00:00:00');
INSERT INTO post_stream VALUES(775,1,'a8070c54151649bb9acada599a936a50',1,'2022-04-06 00:00:00');
INSERT INTO post_stream VALUES(776,1,'a8070c54151649bb9acada599a936a50',3,'2022-04-06 00:00:00');
INSERT INTO post_stream VALUES(777,1,'a8070c54151649bb9acada599a936a50',12,'2022-04-06 00:00:00');
INSERT INTO post_stream VALUES(778,1,'a8070c54151649bb9acada599a936a50',13,'2022-04-06 00:00:00');
INSERT INTO post_stream VALUES(779,1,'a8070c54151649bb9acada599a936a50',14,'2022-04-06 00:00:00');
INSERT INTO post_stream VALUES(780,1,'a8070c54151649bb9acada599a936a50',15,'2022-04-06 00:00:00');
INSERT INTO post_stream VALUES(781,1,'a8070c54151649bb9acada599a936a50',16,'2022-04-06 00:00:00');
INSERT INTO post_stream VALUES(782,1,'a8070c54151649bb9acada599a936a50',18,'2022-04-06 00:00:00');
INSERT INTO post_stream VALUES(783,1,'a8070c54151649bb9acada599a936a50',17,'2022-04-06 00:00:00');
INSERT INTO post_stream VALUES(784,1,'a8070c54151649bb9acada599a936a50',19,'2022-04-06 00:00:00');
INSERT INTO post_stream VALUES(785,17,'a3051b2dadc945c29654302f86d91aac',18,'2022-04-07 00:00:00');
INSERT INTO post_stream VALUES(786,1,'a07406a11d854ad8823b74b1fda71023',1,'2022-02-13 00:00:00');
INSERT INTO post_stream VALUES(787,1,'a07406a11d854ad8823b74b1fda71023',3,'2022-02-13 00:00:00');
INSERT INTO post_stream VALUES(788,1,'a07406a11d854ad8823b74b1fda71023',12,'2022-02-13 00:00:00');
INSERT INTO post_stream VALUES(789,1,'a07406a11d854ad8823b74b1fda71023',13,'2022-02-13 00:00:00');
INSERT INTO post_stream VALUES(790,1,'a07406a11d854ad8823b74b1fda71023',14,'2022-02-13 00:00:00');
INSERT INTO post_stream VALUES(791,1,'a07406a11d854ad8823b74b1fda71023',15,'2022-02-13 00:00:00');
INSERT INTO post_stream VALUES(792,1,'a07406a11d854ad8823b74b1fda71023',16,'2022-02-13 00:00:00');
INSERT INTO post_stream VALUES(793,1,'a07406a11d854ad8823b74b1fda71023',18,'2022-02-13 00:00:00');
INSERT INTO post_stream VALUES(794,1,'a07406a11d854ad8823b74b1fda71023',17,'2022-02-13 00:00:00');
INSERT INTO post_stream VALUES(795,1,'a07406a11d854ad8823b74b1fda71023',19,'2022-02-13 00:00:00');
INSERT INTO post_stream VALUES(796,18,'8d70b53a65774664886d865e4fd1bf23',1,'2022-04-07 00:00:00');
INSERT INTO post_stream VALUES(797,13,'81a57fb804944da198bdc5ec71af0d5d',15,'2023-05-06 00:00:00');
INSERT INTO post_stream VALUES(798,3,'74c3b968b99b48a6a113620e33f66854',1,'2022-02-08 00:00:00');
INSERT INTO post_stream VALUES(799,3,'74c3b968b99b48a6a113620e33f66854',3,'2022-02-08 00:00:00');
INSERT INTO post_stream VALUES(800,3,'74c3b968b99b48a6a113620e33f66854',12,'2022-02-08 00:00:00');
INSERT INTO post_stream VALUES(801,3,'74c3b968b99b48a6a113620e33f66854',14,'2022-02-08 00:00:00');
INSERT INTO post_stream VALUES(802,3,'74c3b968b99b48a6a113620e33f66854',15,'2022-02-08 00:00:00');
INSERT INTO post_stream VALUES(803,3,'74c3b968b99b48a6a113620e33f66854',16,'2022-02-08 00:00:00');
INSERT INTO post_stream VALUES(804,3,'74c3b968b99b48a6a113620e33f66854',18,'2022-02-08 00:00:00');
INSERT INTO post_stream VALUES(805,3,'74c3b968b99b48a6a113620e33f66854',19,'2022-02-08 00:00:00');
INSERT INTO post_stream VALUES(806,3,'6b0b575ed89a46d69bc7ba22f5e47b82',1,'2022-01-01 00:00:00');
INSERT INTO post_stream VALUES(807,3,'6b0b575ed89a46d69bc7ba22f5e47b82',3,'2022-01-01 00:00:00');
INSERT INTO post_stream VALUES(808,3,'6b0b575ed89a46d69bc7ba22f5e47b82',12,'2022-01-01 00:00:00');
INSERT INTO post_stream VALUES(809,3,'6b0b575ed89a46d69bc7ba22f5e47b82',14,'2022-01-01 00:00:00');
INSERT INTO post_stream VALUES(810,3,'6b0b575ed89a46d69bc7ba22f5e47b82',15,'2022-01-01 00:00:00');
INSERT INTO post_stream VALUES(811,3,'6b0b575ed89a46d69bc7ba22f5e47b82',16,'2022-01-01 00:00:00');
INSERT INTO post_stream VALUES(812,3,'6b0b575ed89a46d69bc7ba22f5e47b82',18,'2022-01-01 00:00:00');
INSERT INTO post_stream VALUES(813,3,'6b0b575ed89a46d69bc7ba22f5e47b82',19,'2022-01-01 00:00:00');
INSERT INTO post_stream VALUES(814,1,'6a3e24319a684d26a762733fe40d8402',1,'2022-04-06 00:00:00');
INSERT INTO post_stream VALUES(815,1,'6a3e24319a684d26a762733fe40d8402',3,'2022-04-06 00:00:00');
INSERT INTO post_stream VALUES(816,1,'6a3e24319a684d26a762733fe40d8402',12,'2022-04-06 00:00:00');
INSERT INTO post_stream VALUES(817,1,'6a3e24319a684d26a762733fe40d8402',13,'2022-04-06 00:00:00');
INSERT INTO post_stream VALUES(818,1,'6a3e24319a684d26a762733fe40d8402',14,'2022-04-06 00:00:00');
INSERT INTO post_stream VALUES(819,1,'6a3e24319a684d26a762733fe40d8402',15,'2022-04-06 00:00:00');
INSERT INTO post_stream VALUES(820,1,'6a3e24319a684d26a762733fe40d8402',16,'2022-04-06 00:00:00');
INSERT INTO post_stream VALUES(821,1,'6a3e24319a684d26a762733fe40d8402',18,'2022-04-06 00:00:00');
INSERT INTO post_stream VALUES(822,1,'6a3e24319a684d26a762733fe40d8402',17,'2022-04-06 00:00:00');
INSERT INTO post_stream VALUES(823,1,'6a3e24319a684d26a762733fe40d8402',19,'2022-04-06 00:00:00');
INSERT INTO post_stream VALUES(824,3,'6735255ee20a4d55a707a88881073bf4',1,'2022-02-11 00:00:00');
INSERT INTO post_stream VALUES(825,3,'6735255ee20a4d55a707a88881073bf4',3,'2022-02-11 00:00:00');
INSERT INTO post_stream VALUES(826,3,'6735255ee20a4d55a707a88881073bf4',12,'2022-02-11 00:00:00');
INSERT INTO post_stream VALUES(827,3,'6735255ee20a4d55a707a88881073bf4',14,'2022-02-11 00:00:00');
INSERT INTO post_stream VALUES(828,3,'6735255ee20a4d55a707a88881073bf4',15,'2022-02-11 00:00:00');
INSERT INTO post_stream VALUES(829,3,'6735255ee20a4d55a707a88881073bf4',16,'2022-02-11 00:00:00');
INSERT INTO post_stream VALUES(830,3,'6735255ee20a4d55a707a88881073bf4',18,'2022-02-11 00:00:00');
INSERT INTO post_stream VALUES(831,3,'6735255ee20a4d55a707a88881073bf4',19,'2022-02-11 00:00:00');
INSERT INTO post_stream VALUES(832,1,'6716d27a4279497faa4a5e26ed76d309',1,'2022-04-06 00:00:00');
INSERT INTO post_stream VALUES(833,1,'6716d27a4279497faa4a5e26ed76d309',3,'2022-04-06 00:00:00');
INSERT INTO post_stream VALUES(834,1,'6716d27a4279497faa4a5e26ed76d309',12,'2022-04-06 00:00:00');
INSERT INTO post_stream VALUES(835,1,'6716d27a4279497faa4a5e26ed76d309',13,'2022-04-06 00:00:00');
INSERT INTO post_stream VALUES(836,1,'6716d27a4279497faa4a5e26ed76d309',14,'2022-04-06 00:00:00');
INSERT INTO post_stream VALUES(837,1,'6716d27a4279497faa4a5e26ed76d309',15,'2022-04-06 00:00:00');
INSERT INTO post_stream VALUES(838,1,'6716d27a4279497faa4a5e26ed76d309',16,'2022-04-06 00:00:00');
INSERT INTO post_stream VALUES(839,1,'6716d27a4279497faa4a5e26ed76d309',18,'2022-04-06 00:00:00');
INSERT INTO post_stream VALUES(840,1,'6716d27a4279497faa4a5e26ed76d309',17,'2022-04-06 00:00:00');
INSERT INTO post_stream VALUES(841,1,'6716d27a4279497faa4a5e26ed76d309',19,'2022-04-06 00:00:00');
INSERT INTO post_stream VALUES(842,13,'615adf3b65c84fb1950868bd64611fa5',15,'2023-05-06 00:00:00');
INSERT INTO post_stream VALUES(843,14,'5bac7d6353f546e1bac441b7259cedd2',15,'2023-05-06 00:00:00');
INSERT INTO post_stream VALUES(844,18,'4b8af694cb0a415480d45a47ec093830',1,'2022-04-07 00:00:00');
INSERT INTO post_stream VALUES(845,1,'475c464fa8d14031939ec4bb9fa1e167',1,'2022-02-14 00:00:00');
INSERT INTO post_stream VALUES(846,1,'475c464fa8d14031939ec4bb9fa1e167',3,'2022-02-14 00:00:00');
INSERT INTO post_stream VALUES(847,1,'475c464fa8d14031939ec4bb9fa1e167',12,'2022-02-14 00:00:00');
INSERT INTO post_stream VALUES(848,1,'475c464fa8d14031939ec4bb9fa1e167',13,'2022-02-14 00:00:00');
INSERT INTO post_stream VALUES(849,1,'475c464fa8d14031939ec4bb9fa1e167',14,'2022-02-14 00:00:00');
INSERT INTO post_stream VALUES(850,1,'475c464fa8d14031939ec4bb9fa1e167',15,'2022-02-14 00:00:00');
INSERT INTO post_stream VALUES(851,1,'475c464fa8d14031939ec4bb9fa1e167',16,'2022-02-14 00:00:00');
INSERT INTO post_stream VALUES(852,1,'475c464fa8d14031939ec4bb9fa1e167',18,'2022-02-14 00:00:00');
INSERT INTO post_stream VALUES(853,1,'475c464fa8d14031939ec4bb9fa1e167',17,'2022-02-14 00:00:00');
INSERT INTO post_stream VALUES(854,1,'475c464fa8d14031939ec4bb9fa1e167',19,'2022-02-14 00:00:00');
INSERT INTO post_stream VALUES(855,1,'3b495cd7d8d44fb5a124ff2500c5437a',1,'2022-04-06 00:00:00');
INSERT INTO post_stream VALUES(856,1,'3b495cd7d8d44fb5a124ff2500c5437a',3,'2022-04-06 00:00:00');
INSERT INTO post_stream VALUES(857,1,'3b495cd7d8d44fb5a124ff2500c5437a',12,'2022-04-06 00:00:00');
INSERT INTO post_stream VALUES(858,1,'3b495cd7d8d44fb5a124ff2500c5437a',13,'2022-04-06 00:00:00');
INSERT INTO post_stream VALUES(859,1,'3b495cd7d8d44fb5a124ff2500c5437a',14,'2022-04-06 00:00:00');
INSERT INTO post_stream VALUES(860,1,'3b495cd7d8d44fb5a124ff2500c5437a',15,'2022-04-06 00:00:00');
INSERT INTO post_stream VALUES(861,1,'3b495cd7d8d44fb5a124ff2500c5437a',16,'2022-04-06 00:00:00');
INSERT INTO post_stream VALUES(862,1,'3b495cd7d8d44fb5a124ff2500c5437a',18,'2022-04-06 00:00:00');
INSERT INTO post_stream VALUES(863,1,'3b495cd7d8d44fb5a124ff2500c5437a',17,'2022-04-06 00:00:00');
INSERT INTO post_stream VALUES(864,1,'3b495cd7d8d44fb5a124ff2500c5437a',19,'2022-04-06 00:00:00');
INSERT INTO post_stream VALUES(865,18,'32e19de4c8df4a00b8177b7b3effafdd',1,'2022-04-07 00:00:00');
INSERT INTO post_stream VALUES(866,1,'306e742e8f1244f5b729496d34506b7c',1,'2022-02-10 00:00:00');
INSERT INTO post_stream VALUES(867,1,'306e742e8f1244f5b729496d34506b7c',3,'2022-02-10 00:00:00');
INSERT INTO post_stream VALUES(868,1,'306e742e8f1244f5b729496d34506b7c',12,'2022-02-10 00:00:00');
INSERT INTO post_stream VALUES(869,1,'306e742e8f1244f5b729496d34506b7c',13,'2022-02-10 00:00:00');
INSERT INTO post_stream VALUES(870,1,'306e742e8f1244f5b729496d34506b7c',14,'2022-02-10 00:00:00');
INSERT INTO post_stream VALUES(871,1,'306e742e8f1244f5b729496d34506b7c',15,'2022-02-10 00:00:00');
INSERT INTO post_stream VALUES(872,1,'306e742e8f1244f5b729496d34506b7c',16,'2022-02-10 00:00:00');
INSERT INTO post_stream VALUES(873,1,'306e742e8f1244f5b729496d34506b7c',18,'2022-02-10 00:00:00');
INSERT INTO post_stream VALUES(874,1,'306e742e8f1244f5b729496d34506b7c',17,'2022-02-10 00:00:00');
INSERT INTO post_stream VALUES(875,1,'306e742e8f1244f5b729496d34506b7c',19,'2022-02-10 00:00:00');
INSERT INTO post_stream VALUES(876,1,'2b0687fc18bb40528a74009932e8479f',1,'2022-01-01 00:00:00');
INSERT INTO post_stream VALUES(877,1,'2b0687fc18bb40528a74009932e8479f',3,'2022-01-01 00:00:00');
INSERT INTO post_stream VALUES(878,1,'2b0687fc18bb40528a74009932e8479f',12,'2022-01-01 00:00:00');
INSERT INTO post_stream VALUES(879,1,'2b0687fc18bb40528a74009932e8479f',13,'2022-01-01 00:00:00');
INSERT INTO post_stream VALUES(880,1,'2b0687fc18bb40528a74009932e8479f',14,'2022-01-01 00:00:00');
INSERT INTO post_stream VALUES(881,1,'2b0687fc18bb40528a74009932e8479f',15,'2022-01-01 00:00:00');
INSERT INTO post_stream VALUES(882,1,'2b0687fc18bb40528a74009932e8479f',16,'2022-01-01 00:00:00');
INSERT INTO post_stream VALUES(883,1,'2b0687fc18bb40528a74009932e8479f',18,'2022-01-01 00:00:00');
INSERT INTO post_stream VALUES(884,1,'2b0687fc18bb40528a74009932e8479f',17,'2022-01-01 00:00:00');
INSERT INTO post_stream VALUES(885,1,'2b0687fc18bb40528a74009932e8479f',19,'2022-01-01 00:00:00');
INSERT INTO post_stream VALUES(886,16,'16c86a2f8d894062bfb1460ff5b12444',18,'2022-04-07 00:00:00');
INSERT INTO post_stream VALUES(887,1,'0a6e03466a5f4848a1c7d979df1cc40c',1,'2022-02-11 00:00:00');
INSERT INTO post_stream VALUES(888,1,'0a6e03466a5f4848a1c7d979df1cc40c',3,'2022-02-11 00:00:00');
INSERT INTO post_stream VALUES(889,1,'0a6e03466a5f4848a1c7d979df1cc40c',12,'2022-02-11 00:00:00');
INSERT INTO post_stream VALUES(890,1,'0a6e03466a5f4848a1c7d979df1cc40c',13,'2022-02-11 00:00:00');
INSERT INTO post_stream VALUES(891,1,'0a6e03466a5f4848a1c7d979df1cc40c',14,'2022-02-11 00:00:00');
INSERT INTO post_stream VALUES(892,1,'0a6e03466a5f4848a1c7d979df1cc40c',15,'2022-02-11 00:00:00');
INSERT INTO post_stream VALUES(893,1,'0a6e03466a5f4848a1c7d979df1cc40c',16,'2022-02-11 00:00:00');
INSERT INTO post_stream VALUES(894,1,'0a6e03466a5f4848a1c7d979df1cc40c',18,'2022-02-11 00:00:00');
INSERT INTO post_stream VALUES(895,1,'0a6e03466a5f4848a1c7d979df1cc40c',17,'2022-02-11 00:00:00');
INSERT INTO post_stream VALUES(896,1,'0a6e03466a5f4848a1c7d979df1cc40c',19,'2022-02-11 00:00:00');
INSERT INTO post_stream VALUES(897,1,'093638e25cad41f5b907fc646d53a961',1,'2022-02-07 00:00:00');
INSERT INTO post_stream VALUES(898,1,'093638e25cad41f5b907fc646d53a961',3,'2022-02-07 00:00:00');
INSERT INTO post_stream VALUES(899,1,'093638e25cad41f5b907fc646d53a961',12,'2022-02-07 00:00:00');
INSERT INTO post_stream VALUES(900,1,'093638e25cad41f5b907fc646d53a961',13,'2022-02-07 00:00:00');
INSERT INTO post_stream VALUES(901,1,'093638e25cad41f5b907fc646d53a961',14,'2022-02-07 00:00:00');
INSERT INTO post_stream VALUES(902,1,'093638e25cad41f5b907fc646d53a961',15,'2022-02-07 00:00:00');
INSERT INTO post_stream VALUES(903,1,'093638e25cad41f5b907fc646d53a961',16,'2022-02-07 00:00:00');
INSERT INTO post_stream VALUES(904,1,'093638e25cad41f5b907fc646d53a961',18,'2022-02-07 00:00:00');
INSERT INTO post_stream VALUES(905,1,'093638e25cad41f5b907fc646d53a961',17,'2022-02-07 00:00:00');
INSERT INTO post_stream VALUES(906,1,'093638e25cad41f5b907fc646d53a961',19,'2022-02-07 00:00:00');
INSERT INTO post_stream VALUES(907,16,'16c86a2f8d894062bfb1460ff5b12444',18,'2022-04-07 00:00:00');
INSERT INTO post_stream VALUES(908,1,'2b0687fc18bb40528a74009932e8479f',24,'2022-01-01 00:00:00');
INSERT INTO post_stream VALUES(909,1,'093638e25cad41f5b907fc646d53a961',24,'2022-02-07 00:00:00');
INSERT INTO post_stream VALUES(910,1,'c91b2ef246d64f51a49d7120a47e0dd1',24,'2022-02-07 00:00:00');
INSERT INTO post_stream VALUES(911,1,'ca4d252ef5824c168db51c85dbeb440c',24,'2022-02-07 00:00:00');
INSERT INTO post_stream VALUES(912,1,'bb43e6197ec846cfaa5513bfa4c65ee4',24,'2022-02-08 00:00:00');
INSERT INTO post_stream VALUES(913,1,'eebe00aee1ed47fca47db270e5d57a49',24,'2022-02-10 00:00:00');
INSERT INTO post_stream VALUES(914,1,'306e742e8f1244f5b729496d34506b7c',24,'2022-02-10 00:00:00');
INSERT INTO post_stream VALUES(915,1,'0a6e03466a5f4848a1c7d979df1cc40c',24,'2022-02-11 00:00:00');
INSERT INTO post_stream VALUES(916,1,'ac4d0850528f484da2eb3c365d66768a',24,'2022-02-11 00:00:00');
INSERT INTO post_stream VALUES(917,1,'a07406a11d854ad8823b74b1fda71023',24,'2022-02-13 00:00:00');
INSERT INTO post_stream VALUES(918,1,'475c464fa8d14031939ec4bb9fa1e167',24,'2022-02-14 00:00:00');
INSERT INTO post_stream VALUES(919,1,'c7282e7ca6644bedb6d9656a01cc04d5',24,'2022-04-06 00:00:00');
INSERT INTO post_stream VALUES(920,1,'3b495cd7d8d44fb5a124ff2500c5437a',24,'2022-04-06 00:00:00');
INSERT INTO post_stream VALUES(921,1,'6a3e24319a684d26a762733fe40d8402',24,'2022-04-06 00:00:00');
INSERT INTO post_stream VALUES(922,1,'cf12713bf1fd40deb7ce95b5475afb7d',24,'2022-04-06 00:00:00');
INSERT INTO post_stream VALUES(923,1,'a8070c54151649bb9acada599a936a50',24,'2022-04-06 00:00:00');
INSERT INTO post_stream VALUES(924,1,'6716d27a4279497faa4a5e26ed76d309',24,'2022-04-06 00:00:00');
INSERT INTO post_stream VALUES(925,1,'6716d27a4279497faa4a5e26ed76d309',1,'2022-04-06 00:00:00');
INSERT INTO post_stream VALUES(926,1,'6716d27a4279497faa4a5e26ed76d309',3,'2022-04-06 00:00:00');
INSERT INTO post_stream VALUES(927,1,'6716d27a4279497faa4a5e26ed76d309',12,'2022-04-06 00:00:00');
INSERT INTO post_stream VALUES(928,1,'6716d27a4279497faa4a5e26ed76d309',13,'2022-04-06 00:00:00');
INSERT INTO post_stream VALUES(929,1,'6716d27a4279497faa4a5e26ed76d309',14,'2022-04-06 00:00:00');
INSERT INTO post_stream VALUES(930,1,'6716d27a4279497faa4a5e26ed76d309',15,'2022-04-06 00:00:00');
INSERT INTO post_stream VALUES(931,1,'6716d27a4279497faa4a5e26ed76d309',16,'2022-04-06 00:00:00');
INSERT INTO post_stream VALUES(932,1,'6716d27a4279497faa4a5e26ed76d309',18,'2022-04-06 00:00:00');
INSERT INTO post_stream VALUES(933,1,'6716d27a4279497faa4a5e26ed76d309',17,'2022-04-06 00:00:00');
INSERT INTO post_stream VALUES(934,1,'6716d27a4279497faa4a5e26ed76d309',19,'2022-04-06 00:00:00');
INSERT INTO post_stream VALUES(935,1,'6716d27a4279497faa4a5e26ed76d309',24,'2022-04-06 00:00:00');
INSERT INTO post_stream VALUES(936,1,'6716d27a4279497faa4a5e26ed76d309',1,'2022-04-06 00:00:00');
INSERT INTO post_stream VALUES(937,1,'6716d27a4279497faa4a5e26ed76d309',3,'2022-04-06 00:00:00');
INSERT INTO post_stream VALUES(938,1,'6716d27a4279497faa4a5e26ed76d309',12,'2022-04-06 00:00:00');
INSERT INTO post_stream VALUES(939,1,'6716d27a4279497faa4a5e26ed76d309',13,'2022-04-06 00:00:00');
INSERT INTO post_stream VALUES(940,1,'6716d27a4279497faa4a5e26ed76d309',14,'2022-04-06 00:00:00');
INSERT INTO post_stream VALUES(941,1,'6716d27a4279497faa4a5e26ed76d309',15,'2022-04-06 00:00:00');
INSERT INTO post_stream VALUES(942,1,'6716d27a4279497faa4a5e26ed76d309',16,'2022-04-06 00:00:00');
INSERT INTO post_stream VALUES(943,1,'6716d27a4279497faa4a5e26ed76d309',18,'2022-04-06 00:00:00');
INSERT INTO post_stream VALUES(944,1,'6716d27a4279497faa4a5e26ed76d309',17,'2022-04-06 00:00:00');
INSERT INTO post_stream VALUES(945,1,'6716d27a4279497faa4a5e26ed76d309',19,'2022-04-06 00:00:00');
INSERT INTO post_stream VALUES(946,1,'6716d27a4279497faa4a5e26ed76d309',24,'2022-04-06 00:00:00');
INSERT INTO post_stream VALUES(964,1,'3b495cd7d8d44fb5a124ff2500c5437a',1,'2022-04-06 00:00:00');
INSERT INTO post_stream VALUES(965,1,'3b495cd7d8d44fb5a124ff2500c5437a',3,'2022-04-06 00:00:00');
INSERT INTO post_stream VALUES(966,1,'3b495cd7d8d44fb5a124ff2500c5437a',12,'2022-04-06 00:00:00');
INSERT INTO post_stream VALUES(967,1,'3b495cd7d8d44fb5a124ff2500c5437a',13,'2022-04-06 00:00:00');
INSERT INTO post_stream VALUES(968,1,'3b495cd7d8d44fb5a124ff2500c5437a',14,'2022-04-06 00:00:00');
INSERT INTO post_stream VALUES(969,1,'3b495cd7d8d44fb5a124ff2500c5437a',15,'2022-04-06 00:00:00');
INSERT INTO post_stream VALUES(970,1,'3b495cd7d8d44fb5a124ff2500c5437a',16,'2022-04-06 00:00:00');
INSERT INTO post_stream VALUES(971,1,'3b495cd7d8d44fb5a124ff2500c5437a',18,'2022-04-06 00:00:00');
INSERT INTO post_stream VALUES(972,1,'3b495cd7d8d44fb5a124ff2500c5437a',17,'2022-04-06 00:00:00');
INSERT INTO post_stream VALUES(973,1,'3b495cd7d8d44fb5a124ff2500c5437a',19,'2022-04-06 00:00:00');
INSERT INTO post_stream VALUES(974,1,'3b495cd7d8d44fb5a124ff2500c5437a',24,'2022-04-06 00:00:00');
INSERT INTO post_stream VALUES(993,1,'2b0687fc18bb40528a74009932e8479f',25,'2022-01-01 00:00:00');
INSERT INTO post_stream VALUES(994,1,'093638e25cad41f5b907fc646d53a961',25,'2022-02-07 00:00:00');
INSERT INTO post_stream VALUES(995,1,'c91b2ef246d64f51a49d7120a47e0dd1',25,'2022-02-07 00:00:00');
INSERT INTO post_stream VALUES(996,1,'ca4d252ef5824c168db51c85dbeb440c',25,'2022-02-07 00:00:00');
INSERT INTO post_stream VALUES(997,1,'bb43e6197ec846cfaa5513bfa4c65ee4',25,'2022-02-08 00:00:00');
INSERT INTO post_stream VALUES(998,1,'eebe00aee1ed47fca47db270e5d57a49',25,'2022-02-10 00:00:00');
INSERT INTO post_stream VALUES(999,1,'306e742e8f1244f5b729496d34506b7c',25,'2022-02-10 00:00:00');
INSERT INTO post_stream VALUES(1000,1,'0a6e03466a5f4848a1c7d979df1cc40c',25,'2022-02-11 00:00:00');
INSERT INTO post_stream VALUES(1001,1,'ac4d0850528f484da2eb3c365d66768a',25,'2022-02-11 00:00:00');
INSERT INTO post_stream VALUES(1002,1,'a07406a11d854ad8823b74b1fda71023',25,'2022-02-13 00:00:00');
INSERT INTO post_stream VALUES(1003,1,'475c464fa8d14031939ec4bb9fa1e167',25,'2022-02-14 00:00:00');
INSERT INTO post_stream VALUES(1004,1,'c7282e7ca6644bedb6d9656a01cc04d5',25,'2022-04-06 00:00:00');
INSERT INTO post_stream VALUES(1005,1,'3b495cd7d8d44fb5a124ff2500c5437a',25,'2022-04-06 00:00:00');
INSERT INTO post_stream VALUES(1006,1,'6a3e24319a684d26a762733fe40d8402',25,'2022-04-06 00:00:00');
INSERT INTO post_stream VALUES(1007,1,'cf12713bf1fd40deb7ce95b5475afb7d',25,'2022-04-06 00:00:00');
INSERT INTO post_stream VALUES(1008,1,'a8070c54151649bb9acada599a936a50',25,'2022-04-06 00:00:00');
INSERT INTO post_stream VALUES(1009,1,'6716d27a4279497faa4a5e26ed76d309',25,'2022-04-06 00:00:00');
INSERT INTO post_stream VALUES(1010,19,'7ea816030e164c0384935aa09a23987c',26,'2022-04-08 00:00:00');
INSERT INTO post_stream VALUES(1011,19,'e31723a792d84ceb9a03da1767813bab',26,'2022-04-08 00:00:00');
INSERT INTO post_stream VALUES(1012,14,'f7eb6795216f4b5ba443d98b44dd8dc5',26,'2023-05-06 00:00:00');
INSERT INTO post_stream VALUES(1013,14,'b9af89022e7a4b759b0db832f9884d67',26,'2023-05-06 00:00:00');
INSERT INTO post_stream VALUES(1014,14,'69a202ef0b014655ae0dfdaf556b74e0',26,'2023-05-06 00:00:00');
INSERT INTO post_stream VALUES(1015,14,'5bac7d6353f546e1bac441b7259cedd2',26,'2023-05-06 00:00:00');
INSERT INTO post_stream VALUES(1016,3,'6b0b575ed89a46d69bc7ba22f5e47b82',26,'2022-01-01 00:00:00');
INSERT INTO post_stream VALUES(1017,3,'74c3b968b99b48a6a113620e33f66854',26,'2022-02-08 00:00:00');
INSERT INTO post_stream VALUES(1018,3,'6735255ee20a4d55a707a88881073bf4',26,'2022-02-11 00:00:00');
INSERT INTO post_stream VALUES(1019,3,'c68f9e34a62d485a894eed8c18fdf1fa',26,'2022-02-14 00:00:00');
CREATE TABLE IF NOT EXISTS "post_likes" ("id" integer NOT NULL PRIMARY KEY AUTOINCREMENT, "post_id" char(32) NOT NULL REFERENCES "post_post" ("id") DEFERRABLE INITIALLY DEFERRED, "user_id" integer NOT NULL REFERENCES "auth_user" ("id") DEFERRABLE INITIALLY DEFERRED);
INSERT INTO post_likes VALUES(8,'bb43e6197ec846cfaa5513bfa4c65ee4',3);
INSERT INTO post_likes VALUES(11,'bb43e6197ec846cfaa5513bfa4c65ee4',1);
INSERT INTO post_likes VALUES(14,'eebe00aee1ed47fca47db270e5d57a49',1);
INSERT INTO post_likes VALUES(15,'c91b2ef246d64f51a49d7120a47e0dd1',1);
INSERT INTO post_likes VALUES(17,'093638e25cad41f5b907fc646d53a961',1);
INSERT INTO post_likes VALUES(18,'ac4d0850528f484da2eb3c365d66768a',1);
INSERT INTO post_likes VALUES(19,'74c3b968b99b48a6a113620e33f66854',1);
INSERT INTO post_likes VALUES(20,'ac4d0850528f484da2eb3c365d66768a',3);
INSERT INTO post_likes VALUES(21,'306e742e8f1244f5b729496d34506b7c',3);
INSERT INTO post_likes VALUES(23,'6735255ee20a4d55a707a88881073bf4',3);
INSERT INTO post_likes VALUES(24,'a07406a11d854ad8823b74b1fda71023',1);
INSERT INTO post_likes VALUES(25,'a07406a11d854ad8823b74b1fda71023',3);
INSERT INTO post_likes VALUES(26,'0a6e03466a5f4848a1c7d979df1cc40c',3);
INSERT INTO post_likes VALUES(29,'0a6e03466a5f4848a1c7d979df1cc40c',1);
INSERT INTO post_likes VALUES(30,'c68f9e34a62d485a894eed8c18fdf1fa',3);
INSERT INTO post_likes VALUES(31,'c68f9e34a62d485a894eed8c18fdf1fa',1);
INSERT INTO post_likes VALUES(32,'c7282e7ca6644bedb6d9656a01cc04d5',1);
INSERT INTO post_likes VALUES(34,'3b495cd7d8d44fb5a124ff2500c5437a',1);
INSERT INTO post_likes VALUES(35,'16c86a2f8d894062bfb1460ff5b12444',16);
INSERT INTO post_likes VALUES(36,'16c86a2f8d894062bfb1460ff5b12444',17);
INSERT INTO post_likes VALUES(37,'a3051b2dadc945c29654302f86d91aac',17);
INSERT INTO post_likes VALUES(38,'a3051b2dadc945c29654302f86d91aac',18);
INSERT INTO post_likes VALUES(39,'7ea816030e164c0384935aa09a23987c',19);
INSERT INTO post_likes VALUES(41,'7ea816030e164c0384935aa09a23987c',1);
INSERT INTO post_likes VALUES(42,'c91b2ef246d64f51a49d7120a47e0dd1',24);
INSERT INTO post_likes VALUES(43,'615adf3b65c84fb1950868bd64611fa5',13);
INSERT INTO post_likes VALUES(44,'16c86a2f8d894062bfb1460ff5b12444',24);
INSERT INTO post_likes VALUES(46,'3b495cd7d8d44fb5a124ff2500c5437a',25);
CREATE TABLE IF NOT EXISTS "authy_profile_favourite" ("id" integer NOT NULL PRIMARY KEY AUTOINCREMENT, "profile_id" integer NOT NULL REFERENCES "authy_profile" ("id") DEFERRABLE INITIALLY DEFERRED, "post_id" char(32) NOT NULL REFERENCES "post_post" ("id") DEFERRABLE INITIALLY DEFERRED);
INSERT INTO authy_profile_favourite VALUES(3,1,'74c3b968b99b48a6a113620e33f66854');
INSERT INTO authy_profile_favourite VALUES(4,1,'6b0b575ed89a46d69bc7ba22f5e47b82');
INSERT INTO authy_profile_favourite VALUES(11,3,'74c3b968b99b48a6a113620e33f66854');
INSERT INTO authy_profile_favourite VALUES(13,3,'eebe00aee1ed47fca47db270e5d57a49');
INSERT INTO authy_profile_favourite VALUES(14,3,'bb43e6197ec846cfaa5513bfa4c65ee4');
INSERT INTO authy_profile_favourite VALUES(15,3,'093638e25cad41f5b907fc646d53a961');
INSERT INTO authy_profile_favourite VALUES(18,3,'6b0b575ed89a46d69bc7ba22f5e47b82');
INSERT INTO authy_profile_favourite VALUES(19,3,'306e742e8f1244f5b729496d34506b7c');
INSERT INTO authy_profile_favourite VALUES(20,1,'a07406a11d854ad8823b74b1fda71023');
INSERT INTO authy_profile_favourite VALUES(24,1,'32e19de4c8df4a00b8177b7b3effafdd');
INSERT INTO authy_profile_favourite VALUES(25,23,'2b0687fc18bb40528a74009932e8479f');
CREATE TABLE IF NOT EXISTS "comment_comment" ("id" integer NOT NULL PRIMARY KEY AUTOINCREMENT, "body" text NOT NULL, "post_id" char(32) NOT NULL REFERENCES "post_post" ("id") DEFERRABLE INITIALLY DEFERRED, "user_id" integer NOT NULL REFERENCES "auth_user" ("id") DEFERRABLE INITIALLY DEFERRED, "date" datetime NULL);
INSERT INTO comment_comment VALUES(26,'gvhbj','3b495cd7d8d44fb5a124ff2500c5437a',25,'2023-05-14 09:16:58.307181');
CREATE TABLE IF NOT EXISTS "directs_message" ("id" integer NOT NULL PRIMARY KEY AUTOINCREMENT, "date" datetime NOT NULL, "is_read" bool NOT NULL, "sender_id" integer NOT NULL REFERENCES "auth_user" ("id") DEFERRABLE INITIALLY DEFERRED, "user_id" integer NOT NULL REFERENCES "auth_user" ("id") DEFERRABLE INITIALLY DEFERRED, "reciepient_id" integer NOT NULL REFERENCES "auth_user" ("id") DEFERRABLE INITIALLY DEFERRED, "body" text NULL);
INSERT INTO directs_message VALUES(135,'2023-05-13 19:36:22.593740',1,24,24,1,'');
INSERT INTO directs_message VALUES(136,'2023-05-13 19:36:22.600822',1,24,1,24,'');
INSERT INTO directs_message VALUES(137,'2023-05-13 19:36:40.183321',1,24,24,1,'');
INSERT INTO directs_message VALUES(138,'2023-05-13 19:36:40.190844',1,24,1,24,'');
INSERT INTO directs_message VALUES(139,'2023-05-13 19:36:47.963436',1,24,24,1,'Привет!');
INSERT INTO directs_message VALUES(140,'2023-05-13 19:36:47.975020',1,24,1,24,'Привет!');
INSERT INTO directs_message VALUES(141,'2023-05-14 09:19:10.888436',1,25,25,15,'');
INSERT INTO directs_message VALUES(142,'2023-05-14 09:19:10.894438',1,25,15,25,'');
INSERT INTO directs_message VALUES(143,'2023-05-14 09:19:16.990576',1,25,25,15,'hkbjdals');
INSERT INTO directs_message VALUES(144,'2023-05-14 09:19:16.997577',1,25,15,25,'hkbjdals');
CREATE TABLE IF NOT EXISTS "notification_notification" ("id" integer NOT NULL PRIMARY KEY AUTOINCREMENT, "notification_types" integer NULL, "text_preview" varchar(100) NOT NULL, "date" datetime NOT NULL, "is_seen" bool NOT NULL, "sender_id" integer NOT NULL REFERENCES "auth_user" ("id") DEFERRABLE INITIALLY DEFERRED, "user_id" integer NOT NULL REFERENCES "auth_user" ("id") DEFERRABLE INITIALLY DEFERRED, "post_id" char(32) NULL REFERENCES "post_post" ("id") DEFERRABLE INITIALLY DEFERRED);
INSERT INTO notification_notification VALUES(11,NULL,'','2022-02-14 12:35:36.564584',0,1,3,'c68f9e34a62d485a894eed8c18fdf1fa');
INSERT INTO notification_notification VALUES(15,NULL,'','2022-04-06 12:54:11.248942',0,1,1,'c7282e7ca6644bedb6d9656a01cc04d5');
INSERT INTO notification_notification VALUES(18,3,'','2022-04-07 14:12:48.447729',0,12,3,NULL);
INSERT INTO notification_notification VALUES(19,3,'','2022-04-07 14:13:43.454199',0,12,1,NULL);
INSERT INTO notification_notification VALUES(20,3,'','2022-04-07 14:13:50.375300',0,12,12,NULL);
INSERT INTO notification_notification VALUES(21,3,'','2022-04-07 14:17:47.647833',0,13,1,NULL);
INSERT INTO notification_notification VALUES(22,3,'','2022-04-07 14:51:20.965108',0,14,3,NULL);
INSERT INTO notification_notification VALUES(24,3,'','2022-04-07 14:57:49.117074',0,14,1,NULL);
INSERT INTO notification_notification VALUES(25,3,'','2022-04-07 17:11:48.888504',0,15,14,NULL);
INSERT INTO notification_notification VALUES(26,3,'','2022-04-07 17:11:52.395677',0,15,13,NULL);
INSERT INTO notification_notification VALUES(27,3,'','2022-04-07 17:11:55.078721',0,15,12,NULL);
INSERT INTO notification_notification VALUES(28,3,'','2022-04-07 17:11:57.310451',0,15,3,NULL);
INSERT INTO notification_notification VALUES(29,3,'','2022-04-07 17:12:00.135345',0,15,1,NULL);
INSERT INTO notification_notification VALUES(30,NULL,'','2022-04-07 17:36:32.136514',0,1,1,'3b495cd7d8d44fb5a124ff2500c5437a');
INSERT INTO notification_notification VALUES(32,NULL,'','2022-04-07 18:05:43.131390',0,16,16,'16c86a2f8d894062bfb1460ff5b12444');
INSERT INTO notification_notification VALUES(35,3,'','2022-04-07 18:06:19.541745',0,16,1,NULL);
INSERT INTO notification_notification VALUES(37,3,'','2022-04-07 18:06:33.818419',0,16,3,NULL);
INSERT INTO notification_notification VALUES(39,NULL,'','2022-04-07 18:09:12.720959',0,17,16,'16c86a2f8d894062bfb1460ff5b12444');
INSERT INTO notification_notification VALUES(41,NULL,'','2022-04-07 18:11:18.324492',0,17,17,'a3051b2dadc945c29654302f86d91aac');
INSERT INTO notification_notification VALUES(42,3,'','2022-04-07 18:20:48.259955',0,18,1,NULL);
INSERT INTO notification_notification VALUES(43,3,'','2022-04-07 18:20:51.494864',0,18,3,NULL);
INSERT INTO notification_notification VALUES(44,3,'','2022-04-07 18:20:54.048646',0,18,12,NULL);
INSERT INTO notification_notification VALUES(45,3,'','2022-04-07 18:20:56.874667',0,18,15,NULL);
INSERT INTO notification_notification VALUES(46,3,'','2022-04-07 18:20:59.352509',0,18,16,NULL);
INSERT INTO notification_notification VALUES(47,3,'','2022-04-07 18:21:01.859992',0,18,17,NULL);
INSERT INTO notification_notification VALUES(48,NULL,'','2022-04-07 18:21:10.212287',0,18,17,'a3051b2dadc945c29654302f86d91aac');
INSERT INTO notification_notification VALUES(50,3,'','2022-04-07 20:36:51.218321',0,17,1,NULL);
INSERT INTO notification_notification VALUES(51,NULL,'','2022-04-08 03:27:09.762166',0,19,19,'7ea816030e164c0384935aa09a23987c');
INSERT INTO notification_notification VALUES(55,3,'','2022-04-08 03:28:55.003970',0,19,1,NULL);
INSERT INTO notification_notification VALUES(56,3,'','2022-04-08 03:30:03.503589',0,19,3,NULL);
INSERT INTO notification_notification VALUES(57,3,'','2022-04-08 03:30:54.863258',0,19,15,NULL);
INSERT INTO notification_notification VALUES(58,3,'','2022-04-08 03:33:50.277609',0,1,18,NULL);
INSERT INTO notification_notification VALUES(59,NULL,'','2022-04-08 03:36:47.166820',0,1,19,'7ea816030e164c0384935aa09a23987c');
INSERT INTO notification_notification VALUES(61,NULL,'','2022-04-08 03:37:12.211182',0,1,19,'7ea816030e164c0384935aa09a23987c');
INSERT INTO notification_notification VALUES(64,NULL,'','2023-05-06 12:50:30.615252',0,24,1,'c91b2ef246d64f51a49d7120a47e0dd1');
INSERT INTO notification_notification VALUES(65,NULL,'','2023-05-06 13:56:26.539417',0,13,13,'615adf3b65c84fb1950868bd64611fa5');
INSERT INTO notification_notification VALUES(67,NULL,'','2023-05-13 19:36:00.402217',0,24,16,'16c86a2f8d894062bfb1460ff5b12444');
INSERT INTO notification_notification VALUES(68,3,'','2023-05-13 19:36:26.375174',0,24,1,NULL);
INSERT INTO notification_notification VALUES(69,NULL,'','2023-05-14 07:26:32.164065',0,16,1,'6716d27a4279497faa4a5e26ed76d309');
INSERT INTO notification_notification VALUES(71,NULL,'','2023-05-14 09:16:51.884995',0,25,1,'3b495cd7d8d44fb5a124ff2500c5437a');
INSERT INTO notification_notification VALUES(72,2,'gvhbj','2023-05-14 09:16:58.315182',0,25,1,'3b495cd7d8d44fb5a124ff2500c5437a');
INSERT INTO notification_notification VALUES(73,3,'','2023-05-14 09:19:09.978427',0,25,15,NULL);
INSERT INTO notification_notification VALUES(75,3,'','2023-05-14 09:48:51.847979',0,25,1,NULL);
INSERT INTO notification_notification VALUES(76,3,'','2023-05-14 09:50:46.978603',0,25,12,NULL);
INSERT INTO notification_notification VALUES(77,3,'','2024-04-12 19:36:36.499702',0,26,19,NULL);
INSERT INTO notification_notification VALUES(78,3,'','2024-04-12 19:37:04.431329',0,26,14,NULL);
INSERT INTO notification_notification VALUES(79,3,'','2024-04-12 19:37:30.146070',0,26,3,NULL);
CREATE TABLE IF NOT EXISTS "authy_profile" ("id" integer NOT NULL PRIMARY KEY AUTOINCREMENT, "user_id" integer NOT NULL UNIQUE REFERENCES "auth_user" ("id") DEFERRABLE INITIALLY DEFERRED, "bio" varchar(200) NULL, "first_name" varchar(200) NULL, "last_name" varchar(200) NULL, "location" varchar(200) NULL, "url" varchar(200) NULL, "image" varchar(100) NULL);
INSERT INTO authy_profile VALUES(1,1,NULL,'Akbota','Zhumgazina',NULL,'https://www.instagram.com/zhumagazzina_a/','profile_pciture/photo_2023-05-06_15-19-03.jpg');
INSERT INTO authy_profile VALUES(3,3,'Nfactioral','Beimbet','Maratov','Kaskelen','https://www.instagram.com/m_bik0/','profile_pciture/photo_2023-05-06_15-21-46.jpg');
INSERT INTO authy_profile VALUES(10,12,'Almaty','yerlabnek','Yerlanbekovich',NULL,NULL,'profile_pciture/photo_2023-05-06_15-24-08.jpg');
INSERT INTO authy_profile VALUES(11,13,'My name is Aruzhan','aruzhan','Abusaid','SDU',NULL,'profile_pciture/photo_2023-05-06_15-25-28.jpg');
INSERT INTO authy_profile VALUES(12,14,'asqar orwell ma wifey is a cutie @assyl__a ♥️','askar','Aitkulov','SDU','https://www.instagram.com/assquire/','profile_pciture/photo_2023-05-06_15-20-08.jpg');
INSERT INTO authy_profile VALUES(13,15,'haru ka  sdu''25 /⁠╲⁠/⁠\⁠╭⁠(⁠•-•⁠)⁠╮⁠/⁠\⁠╱⁠\','Aruzhan','Keulen','Almaty','https://www.instagram.com/keulen_n/','profile_pciture/photo_2023-05-06_15-19-12.jpg');
INSERT INTO authy_profile VALUES(14,16,'Version 19.9','Azhen','Sayat',NULL,'https://www.instagram.com/whk_cd/','profile_pciture/photo_2023-05-06_15-19-08.jpg');
INSERT INTO authy_profile VALUES(15,17,'danik','Danial','Bolat',NULL,'https://www.instagram.com/pdnke/','profile_pciture/photo_2023-05-06_15-27-13_ERIQH3r.jpg');
INSERT INTO authy_profile VALUES(16,18,NULL,'Rauan','Issatay',NULL,NULL,'profile_pciture/WhatsApp_Image_2021-10-18_at_11.10.52_PM.jpeg');
INSERT INTO authy_profile VALUES(17,19,NULL,'Nurdaulet','Ahmatov',NULL,NULL,'profile_pciture/photo_2023-05-06_15-32-58.jpg');
INSERT INTO authy_profile VALUES(20,22,NULL,NULL,NULL,NULL,NULL,'default.jpg');
INSERT INTO authy_profile VALUES(21,23,'Sdu 25','Dias','Kabdualiev',NULL,NULL,'profile_pciture/photo_2023-05-06_15-18-13.jpg');
INSERT INTO authy_profile VALUES(22,24,NULL,NULL,NULL,NULL,NULL,'default.jpg');
INSERT INTO authy_profile VALUES(23,25,NULL,NULL,NULL,NULL,NULL,'default.jpg');
INSERT INTO authy_profile VALUES(24,26,NULL,NULL,NULL,NULL,NULL,'default.jpg');
DELETE FROM sqlite_sequence;
INSERT INTO sqlite_sequence VALUES('django_migrations',39);
INSERT INTO sqlite_sequence VALUES('django_admin_log',373);
INSERT INTO sqlite_sequence VALUES('django_content_type',28);
INSERT INTO sqlite_sequence VALUES('auth_permission',112);
INSERT INTO sqlite_sequence VALUES('auth_group',0);
INSERT INTO sqlite_sequence VALUES('auth_user',26);
INSERT INTO sqlite_sequence VALUES('post_follow',68);
INSERT INTO sqlite_sequence VALUES('post_tag',73);
INSERT INTO sqlite_sequence VALUES('post_post_tags',305);
INSERT INTO sqlite_sequence VALUES('post_stream',1019);
INSERT INTO sqlite_sequence VALUES('post_likes',46);
INSERT INTO sqlite_sequence VALUES('authusers_profile',1);
INSERT INTO sqlite_sequence VALUES('authy_profile_favourite',25);
INSERT INTO sqlite_sequence VALUES('comment_comment',26);
INSERT INTO sqlite_sequence VALUES('directs_message',144);
INSERT INTO sqlite_sequence VALUES('notification_notification',79);
INSERT INTO sqlite_sequence VALUES('authy_profile',24);
CREATE UNIQUE INDEX "auth_group_permissions_group_id_permission_id_0cd325b0_uniq" ON "auth_group_permissions" ("group_id", "permission_id");
CREATE INDEX "auth_group_permissions_group_id_b120cbf9" ON "auth_group_permissions" ("group_id");
CREATE INDEX "auth_group_permissions_permission_id_84c5c92e" ON "auth_group_permissions" ("permission_id");
CREATE UNIQUE INDEX "auth_user_groups_user_id_group_id_94350c0c_uniq" ON "auth_user_groups" ("user_id", "group_id");
CREATE INDEX "auth_user_groups_user_id_6a12ed8b" ON "auth_user_groups" ("user_id");
CREATE INDEX "auth_user_groups_group_id_97559544" ON "auth_user_groups" ("group_id");
CREATE UNIQUE INDEX "auth_user_user_permissions_user_id_permission_id_14a6b632_uniq" ON "auth_user_user_permissions" ("user_id", "permission_id");
CREATE INDEX "auth_user_user_permissions_user_id_a95ead1b" ON "auth_user_user_permissions" ("user_id");
CREATE INDEX "auth_user_user_permissions_permission_id_1fbb5f2c" ON "auth_user_user_permissions" ("permission_id");
CREATE INDEX "django_admin_log_content_type_id_c4bce8eb" ON "django_admin_log" ("content_type_id");
CREATE INDEX "django_admin_log_user_id_c564eba6" ON "django_admin_log" ("user_id");
CREATE UNIQUE INDEX "django_content_type_app_label_model_76bd3d3b_uniq" ON "django_content_type" ("app_label", "model");
CREATE UNIQUE INDEX "auth_permission_content_type_id_codename_01ab375a_uniq" ON "auth_permission" ("content_type_id", "codename");
CREATE INDEX "auth_permission_content_type_id_2f476e4b" ON "auth_permission" ("content_type_id");
CREATE INDEX "authusers_newsletter_user_id_accf0550" ON "authusers_newsletter" ("user_id");
CREATE INDEX "authusers_modelnotes_usernote_id_68ca935f" ON "authusers_modelnotes" ("usernote_id");
CREATE INDEX "django_session_expire_date_a5c62663" ON "django_session" ("expire_date");
CREATE UNIQUE INDEX "post_post_tags_post_id_tag_id_15c628ee_uniq" ON "post_post_tags" ("post_id", "tag_id");
CREATE INDEX "post_post_tags_post_id_6adf1c1b" ON "post_post_tags" ("post_id");
CREATE INDEX "post_post_tags_tag_id_cb551e85" ON "post_post_tags" ("tag_id");
CREATE INDEX "post_post_user_id_b9c97aef" ON "post_post" ("user_id");
CREATE INDEX "post_follow_follower_id_30a4d4cf" ON "post_follow" ("follower_id");
CREATE INDEX "post_follow_following_id_1cb2c456" ON "post_follow" ("following_id");
CREATE INDEX "post_stream_following_id_1fc48816" ON "post_stream" ("following_id");
CREATE INDEX "post_stream_post_id_207bb8c1" ON "post_stream" ("post_id");
CREATE INDEX "post_stream_user_id_330aec76" ON "post_stream" ("user_id");
CREATE INDEX "post_likes_post_id_b7e609e3" ON "post_likes" ("post_id");
CREATE INDEX "post_likes_user_id_12e60720" ON "post_likes" ("user_id");
CREATE UNIQUE INDEX "authy_profile_favourite_profile_id_post_id_40a317a3_uniq" ON "authy_profile_favourite" ("profile_id", "post_id");
CREATE INDEX "authy_profile_favourite_profile_id_ce06f2d6" ON "authy_profile_favourite" ("profile_id");
CREATE INDEX "authy_profile_favourite_post_id_9353731c" ON "authy_profile_favourite" ("post_id");
CREATE INDEX "comment_comment_post_id_357153e3" ON "comment_comment" ("post_id");
CREATE INDEX "comment_comment_user_id_6078e57b" ON "comment_comment" ("user_id");
CREATE INDEX "directs_message_sender_id_3a1c1c0b" ON "directs_message" ("sender_id");
CREATE INDEX "directs_message_user_id_2344c818" ON "directs_message" ("user_id");
CREATE INDEX "directs_message_reciepient_id_04aff480" ON "directs_message" ("reciepient_id");
CREATE INDEX "notification_notification_sender_id_1f59f8e1" ON "notification_notification" ("sender_id");
CREATE INDEX "notification_notification_user_id_e9d6f5f4" ON "notification_notification" ("user_id");
CREATE INDEX "notification_notification_post_id_7eb3677e" ON "notification_notification" ("post_id");
COMMIT;
